Icon,Node Name,Category,Type,Description,Auth Required,Icon File,Category ID,Is Trigger
âš¡,"ActiveCampaign Trigger","Triggers","Trigger","Handle ActiveCampaign events via webhooks",TRUE,"activeCampaign.svg","trigger",TRUE
âš¡,"Acuity Scheduling Trigger","Triggers","Trigger","Handle Acuity Scheduling events via webhooks",TRUE,"acuityScheduling.png","trigger",TRUE
âš¡,"Affinity Trigger","Triggers","Trigger","Handle Affinity events via webhooks",TRUE,"affinity.svg","trigger",TRUE
âš¡,"Airtable Trigger","Triggers","Trigger","Starts the workflow when Airtable events occur",TRUE,"airtable.svg","trigger",TRUE
âš¡,"AMQP Trigger","Triggers","Trigger","Listens to AMQP 1.0 Messages",TRUE,"amqp.svg","trigger",TRUE
âš¡,"Asana Trigger","Triggers","Trigger","Starts the workflow when Asana events occur.",TRUE,"asana.svg","trigger",TRUE
âš¡,"Autopilot Trigger","Triggers","Trigger","Handle Autopilot events via webhooks",TRUE,"autopilot.svg","trigger",TRUE
âš¡,"AWS SNS Trigger","Triggers","Trigger","Handle AWS SNS events via webhooks",FALSE,"sns.svg","trigger",TRUE
âš¡,"Bitbucket Trigger","Triggers","Trigger","Handle Bitbucket events via webhooks",TRUE,"bitbucket.svg","trigger",TRUE
âš¡,"Box Trigger","Triggers","Trigger","Starts the workflow when Box events occur",TRUE,"box.png","trigger",TRUE
âš¡,"Brevo Trigger","Triggers","Trigger","Starts the workflow when Brevo events occur",TRUE,"brevo.svg","trigger",TRUE
âš¡,"Cal.com Trigger","Triggers","Trigger","Handle Cal.com events via webhooks",TRUE,"cal.svg","trigger",TRUE
âš¡,"Calendly Trigger","Triggers","Trigger","Starts the workflow when Calendly events occur",TRUE,"calendly.svg","trigger",TRUE
âš¡,"Chargebee Trigger","Triggers","Trigger","Starts the workflow when Chargebee events occur",FALSE,"chargebee.png","trigger",TRUE
âš¡,"ClickUp Trigger","Triggers","Trigger","Handle ClickUp events via webhooks (Beta)",TRUE,"clickup.svg","trigger",TRUE
âš¡,"Clockify Trigger","Triggers","Trigger","Listens to Clockify events",TRUE,"clockify.svg","trigger",TRUE
âš¡,"ConvertKit Trigger","Triggers","Trigger","Handle ConvertKit events via webhooks",TRUE,"convertKit.svg","trigger",TRUE
âš¡,"Copper Trigger","Triggers","Trigger","Handle Copper events via webhooks",TRUE,"copper.svg","trigger",TRUE
âš¡,"Cron","Triggers","Trigger","Triggers the workflow at a specific time",FALSE,"fa:clock","trigger",TRUE
âš¡,"Customer.io Trigger","Triggers","Trigger","Starts the workflow on a Customer.io update (Beta)",TRUE,"customerio.svg","trigger",TRUE
âš¡,"Email Trigger (IMAP)","Triggers","Trigger","Triggers the workflow when a new email is received",FALSE,"fa:inbox","trigger",TRUE
âš¡,"Emelia Trigger","Triggers","Trigger","Handle Emelia campaign activity events via webhooks",TRUE,"emelia.svg","trigger",TRUE
âš¡,"Error Trigger","Triggers","Trigger","Triggers the workflow when another workflow has an error",FALSE,"fa:bug","trigger",TRUE
âš¡,"Eventbrite Trigger","Triggers","Trigger","Handle Eventbrite events via webhooks",TRUE,"eventbrite.png","trigger",TRUE
âš¡,"Execute Workflow Trigger","Triggers","Trigger","Helpers for calling other n8n workflows. Used for designing modular, microservice-like workflows.",FALSE,"fa:sign-out-alt","trigger",TRUE
âš¡,"Facebook Lead Ads Trigger","Triggers","Trigger","Handle Facebook Lead Ads events via webhooks",TRUE,"facebook.svg","trigger",TRUE
âš¡,"Facebook Trigger","Triggers","Trigger","Starts the workflow when Facebook events occur",TRUE,"facebook.svg","trigger",TRUE
âš¡,"Figma Trigger (Beta)","Triggers","Trigger","Starts the workflow when Figma events occur",TRUE,"figma.svg","trigger",TRUE
âš¡,"Flow Trigger","Triggers","Trigger","Handle Flow events via webhooks",TRUE,"flow.svg","trigger",TRUE
âš¡,"Form.io Trigger","Triggers","Trigger","Handle form.io events via webhooks",TRUE,"formio.svg","trigger",TRUE
âš¡,"Formstack Trigger","Triggers","Trigger","Starts the workflow on a Formstack form submission.",TRUE,"formstack.svg","trigger",TRUE
âš¡,"GetResponse Trigger","Triggers","Trigger","Starts the workflow when GetResponse events occur",TRUE,"getResponse.png","trigger",TRUE
âš¡,"Github Trigger","Triggers","Trigger","Starts the workflow when Github events occur",TRUE,"github.svg","trigger",TRUE
âš¡,"GitLab Trigger","Triggers","Trigger","Starts the workflow when GitLab events occur",TRUE,"gitlab.svg","trigger",TRUE
âš¡,"Gmail Trigger","Triggers","Trigger","Fetches emails from Gmail and starts the workflow on specified polling intervals.",TRUE,"gmail.svg","trigger",TRUE
âš¡,"Google Business Profile Trigger","Triggers","Trigger","Fetches reviews from Google Business Profile and starts the workflow on specified polling intervals.",TRUE,"googleBusinessProfile.svg","trigger",TRUE
âš¡,"Google Calendar Trigger","Triggers","Trigger","Starts the workflow when Google Calendar events occur",TRUE,"googleCalendar.svg","trigger",TRUE
âš¡,"Google Drive Trigger","Triggers","Trigger","Starts the workflow when Google Drive events occur",TRUE,"googleDrive.svg","trigger",TRUE
âš¡,"Google Sheets Trigger","Triggers","Trigger","Starts the workflow when Google Sheets events occur",TRUE,"googleSheets.svg","trigger",TRUE
âš¡,"Gumroad Trigger","Triggers","Trigger","Handle Gumroad events via webhooks",TRUE,"gumroad.png","trigger",TRUE
âš¡,"Help Scout Trigger","Triggers","Trigger","Starts the workflow when Help Scout events occur",TRUE,"helpScout.svg","trigger",TRUE
âš¡,"HubSpot Trigger","Triggers","Trigger","Starts the workflow when HubSpot events occur",TRUE,"hubspot.svg","trigger",TRUE
âš¡,"Interval","Triggers","Trigger","Triggers the workflow in a given interval",FALSE,"fa:hourglass","trigger",TRUE
âš¡,"Invoice Ninja Trigger","Triggers","Trigger","Starts the workflow when Invoice Ninja events occur",TRUE,"invoiceNinja.svg","trigger",TRUE
âš¡,"Jira Trigger","Triggers","Trigger","Starts the workflow when Jira events occur",TRUE,"jira.svg","trigger",TRUE
âš¡,"Jotform Trigger","Triggers","Trigger","Handle Jotform events via webhooks",TRUE,"jotform.svg","trigger",TRUE
âš¡,"Kafka Trigger","Triggers","Trigger","Consume messages from a Kafka topic",TRUE,"kafka.svg","trigger",TRUE
âš¡,"Keap Trigger","Triggers","Trigger","Starts the workflow when Infusionsoft events occur",TRUE,"keap.png","trigger",TRUE
âš¡,"KoBoToolbox Trigger","Triggers","Trigger","Process KoBoToolbox submissions",TRUE,"koBoToolbox.svg","trigger",TRUE
âš¡,"Lemlist Trigger","Triggers","Trigger","Handle Lemlist events via webhooks",TRUE,"lemlist.svg","trigger",TRUE
âš¡,"Linear Trigger","Triggers","Trigger","Starts the workflow when Linear events occur",TRUE,"linear.svg","trigger",TRUE
âš¡,"Local File Trigger","Triggers","Trigger","Triggers a workflow on file system changes",FALSE,"fa:folder-open","trigger",TRUE
âš¡,"LoneScale Trigger","Triggers","Trigger","Trigger LoneScale Workflow",TRUE,"loneScale.svg","trigger",TRUE
âš¡,"Mailchimp Trigger","Triggers","Trigger","Handle Mailchimp events via webhooks",TRUE,"mailchimp.svg","trigger",TRUE
âš¡,"MailerLite Trigger","Triggers","Trigger","Starts the workflow when MailerLite events occur",FALSE,"MailerLite.svg","trigger",TRUE
âš¡,"Mailjet Trigger","Triggers","Trigger","Handle Mailjet events via webhooks",TRUE,"mailjet.svg","trigger",TRUE
âš¡,"Manual Trigger","Triggers","Trigger","Runs the flow on clicking a button in n8n",FALSE,"fa:mouse-pointer","trigger",TRUE
âš¡,"Mautic Trigger","Triggers","Trigger","Handle Mautic events via webhooks",TRUE,"mautic.svg","trigger",TRUE
âš¡,"Microsoft OneDrive Trigger","Triggers","Trigger","Trigger for Microsoft OneDrive API.",TRUE,"oneDrive.svg","trigger",TRUE
âš¡,"Microsoft Outlook Trigger","Triggers","Trigger","Fetches emails from Microsoft Outlook and starts the workflow on specified polling intervals.",TRUE,"outlook.svg","trigger",TRUE
âš¡,"Microsoft Teams Trigger","Triggers","Trigger","Triggers workflows in n8n based on events from Microsoft Teams, such as new messages or team updates, using specified configurations.",TRUE,"teams.svg","trigger",TRUE
âš¡,"MQTT Trigger","Triggers","Trigger","Listens to MQTT events",TRUE,"mqtt.svg","trigger",TRUE
âš¡,"n8n Form Trigger","Triggers","Trigger","Generate webforms in n8n and pass their responses to the workflow",FALSE,"form.svg","trigger",TRUE
âš¡,"n8n Trigger","Triggers","Trigger","Handle events and perform actions on your n8n instance",FALSE,"n8nTrigger.svg","trigger",TRUE
âš¡,"Netlify Trigger","Triggers","Trigger","Handle netlify events via webhooks",TRUE,"netlify.svg","trigger",TRUE
âš¡,"Notion Trigger","Triggers","Trigger","Starts the workflow when Notion events occur",TRUE,"notion.svg","trigger",TRUE
âš¡,"Onfleet Trigger","Triggers","Trigger","Starts the workflow when Onfleet events occur",TRUE,"Onfleet.svg","trigger",TRUE
âš¡,"PayPal Trigger","Triggers","Trigger","Handle PayPal events via webhooks",TRUE,"paypal.svg","trigger",TRUE
âš¡,"Pipedrive Trigger","Triggers","Trigger","Starts the workflow when Pipedrive events occur",TRUE,"pipedrive.svg","trigger",TRUE
âš¡,"Postgres Trigger","Triggers","Trigger","Listens to Postgres messages",TRUE,"postgres.svg","trigger",TRUE
âš¡,"Postmark Trigger","Triggers","Trigger","Starts the workflow when Postmark events occur",TRUE,"postmark.png","trigger",TRUE
âš¡,"Pushcut Trigger","Triggers","Trigger","Starts the workflow when Pushcut events occur",TRUE,"pushcut.png","trigger",TRUE
âš¡,"RabbitMQ Trigger","Triggers","Trigger","Listens to RabbitMQ messages",TRUE,"rabbitmq.svg","trigger",TRUE
âš¡,"Redis Trigger","Triggers","Trigger","Subscribe to redis channel",TRUE,"redis.svg","trigger",TRUE
âš¡,"RSS Feed Trigger","Triggers","Trigger","Starts a workflow when an RSS feed is updated",FALSE,"fa:rss","trigger",TRUE
âš¡,"Salesforce Trigger","Triggers","Trigger","Fetches data from Salesforce and starts the workflow on specified polling intervals.",TRUE,"salesforce.svg","trigger",TRUE
âš¡,"Schedule Trigger","Triggers","Trigger","Triggers the workflow on a given schedule",FALSE,"fa:clock","trigger",TRUE
âš¡,"SeaTable Trigger","Triggers","Trigger","Starts the workflow when SeaTable events occur",FALSE,"seaTable.svg","trigger",TRUE
âš¡,"Shopify Trigger","Triggers","Trigger","Handle Shopify events via webhooks",TRUE,"shopify.svg","trigger",TRUE
âš¡,"Simulate Trigger","Triggers","Trigger","Simulate a trigger node",FALSE,"fa:arrow-right","trigger",TRUE
âš¡,"Slack Trigger","Triggers","Trigger","Handle Slack events via webhooks",TRUE,"slack.svg","trigger",TRUE
âš¡,"SSE Trigger","Triggers","Trigger","Triggers the workflow when Server-Sent Events occur",FALSE,"fa:cloud-download-alt","trigger",TRUE
âš¡,"Strava Trigger","Triggers","Trigger","Starts the workflow when Strava events occur",TRUE,"strava.svg","trigger",TRUE
âš¡,"Stripe Trigger","Triggers","Trigger","Handle Stripe events via webhooks",TRUE,"stripe.svg","trigger",TRUE
âš¡,"SurveyMonkey Trigger","Triggers","Trigger","Starts the workflow when Survey Monkey events occur",TRUE,"surveyMonkey.svg","trigger",TRUE
âš¡,"Taiga Trigger","Triggers","Trigger","Handle Taiga events via webhook",TRUE,"taiga.svg","trigger",TRUE
âš¡,"Telegram Trigger","Triggers","Trigger","Starts the workflow on a Telegram update",TRUE,"telegram.svg","trigger",TRUE
âš¡,"TheHive 5 Trigger","Triggers","Trigger","Starts the workflow when TheHive events occur",FALSE,"thehiveproject.svg","trigger",TRUE
âš¡,"TheHive Trigger","Triggers","Trigger","Starts the workflow when TheHive events occur",FALSE,"thehive.svg","trigger",TRUE
âš¡,"Toggl Trigger","Triggers","Trigger","Starts the workflow when Toggl events occur",TRUE,"toggl.png","trigger",TRUE
âš¡,"Trello Trigger","Triggers","Trigger","Starts the workflow when Trello events occur",TRUE,"trello.svg","trigger",TRUE
âš¡,"Twilio Trigger","Triggers","Trigger","Starts the workflow on a Twilio update",TRUE,"twilio.svg","trigger",TRUE
âš¡,"Typeform Trigger","Triggers","Trigger","Starts the workflow on a Typeform form submission",TRUE,"typeform.svg","trigger",TRUE
âš¡,"Venafi TLS Protect Cloud Trigger","Triggers","Trigger","Starts the workflow when Venafi events occur",TRUE,"../venafi.svg","trigger",TRUE
âš¡,"Venafi TLS Protect Datacenter Trigger","Triggers","Trigger","Starts the workflow when Venafi events occur",TRUE,"../venafi.svg","trigger",TRUE
âš¡,"Webex by Cisco Trigger","Triggers","Trigger","Starts the workflow when Cisco Webex events occur.",TRUE,"ciscoWebex.png","trigger",TRUE
âš¡,"Webflow Trigger","Triggers","Trigger","Handle Webflow events via webhooks",FALSE,"webflow.svg","trigger",TRUE
âš¡,"Webhook","Triggers","Trigger","Starts the workflow when a webhook is called",FALSE,"webhook.svg","trigger",TRUE
âš¡,"WhatsApp Trigger","Triggers","Trigger","Handle WhatsApp events via webhooks",TRUE,"whatsapp.svg","trigger",TRUE
âš¡,"Wise Trigger","Triggers","Trigger","Handle Wise events via webhooks",TRUE,"wise.svg","trigger",TRUE
âš¡,"WooCommerce Trigger","Triggers","Trigger","Handle WooCommerce events via webhooks",TRUE,"wooCommerce.svg","trigger",TRUE
âš¡,"Workable Trigger","Triggers","Trigger","Starts the workflow when Workable events occur",TRUE,"workable.png","trigger",TRUE
âš¡,"Workflow Trigger","Triggers","Trigger","Triggers based on various lifecycle events, like when a workflow is activated",FALSE,"fa:network-wired","trigger",TRUE
âš¡,"Wufoo Trigger","Triggers","Trigger","Handle Wufoo events via webhooks",TRUE,"wufoo.png","trigger",TRUE
âš¡,"Zendesk Trigger","Triggers","Trigger","Handle Zendesk events via webhooks",TRUE,"zendesk.svg","trigger",TRUE
ğŸ”„,"Action Network","Data Transformation","Action","Consume the Action Network API",TRUE,"actionNetwork.svg","transform",FALSE
ğŸ”„,"ActiveCampaign","Data Transformation","Action","Create and edit data in ActiveCampaign",TRUE,"activeCampaign.svg","transform",FALSE
ğŸ”„,"Adalo","Data Transformation","Action","Consume Adalo API",TRUE,"adalo.svg","transform",FALSE
ğŸ”„,"Aggregate","Data Transformation","Action","Combine a field from many items into a list in a single item",FALSE,"aggregate.svg","transform",FALSE
ğŸ”„,"Agile CRM","Data Transformation","Action","Consume Agile CRM API",TRUE,"agilecrm.png","transform",FALSE
ğŸ”„,"AI Transform","Data Transformation","Action","Modify data based on instructions written in plain english",FALSE,"aitransform.svg","transform",FALSE
ğŸ”„,"Airtop","Data Transformation","Action","Scrape and control any site with Airtop",TRUE,"airtop.svg","transform",FALSE
ğŸ”„,"AMQP Sender","Data Transformation","Action","Sends a raw-message via AMQP 1.0, executed once per item",TRUE,"amqp.svg","transform",FALSE
ğŸ”„,"APITemplate.io","Data Transformation","Action","Consume the APITemplate.io API",TRUE,"apiTemplateIo.svg","transform",FALSE
ğŸ”„,"AWS DynamoDB","Data Transformation","Action","Consume the AWS DynamoDB API",FALSE,"dynamodb.svg","transform",FALSE
ğŸ”„,"Azure Cosmos DB","Data Transformation","Action","Interact with Azure Cosmos DB API",TRUE,,"transform",FALSE
ğŸ”„,"Azure Storage","Data Transformation","Action","Interact with Azure Storage API",TRUE,,"transform",FALSE
ğŸ”„,"BambooHr","Data Transformation","Action","Consume BambooHR API",TRUE,"bambooHr.png","transform",FALSE
ğŸ”„,"Bitwarden","Data Transformation","Action","Consume the Bitwarden API",TRUE,"bitwarden.svg","transform",FALSE
ğŸ”„,"Brevo","Data Transformation","Action","Consume Brevo API",TRUE,"brevo.svg","transform",FALSE
ğŸ”„,"Bubble","Data Transformation","Action","Consume the Bubble Data API",TRUE,"bubble.svg","transform",FALSE
ğŸ”„,"Clockify","Data Transformation","Action","Consume Clockify REST API",TRUE,"clockify.svg","transform",FALSE
ğŸ”„,"Code","Data Transformation","Action","Run custom JavaScript or Python code",FALSE,"code.svg","transform",FALSE
ğŸ”„,"Compare Datasets","Data Transformation","Action","Compare two inputs for changes",FALSE,"compare.svg","transform",FALSE
ğŸ”„,"Compression","Data Transformation","Action","Compress and decompress files",FALSE,"fa:file-archive","transform",FALSE
ğŸ”„,"Convert to/from binary data","Data Transformation","Action","Move data between binary and JSON properties",FALSE,"fa:exchange-alt","transform",FALSE
ğŸ”„,"Copper","Data Transformation","Action","Consume the Copper API",TRUE,"copper.svg","transform",FALSE
ğŸ”„,"Cortex","Data Transformation","Action","Apply the Cortex analyzer/responder on the given entity",TRUE,"cortex.svg","transform",FALSE
ğŸ”„,"Crypto","Data Transformation","Action","Provide cryptographic utilities",FALSE,"fa:key","transform",FALSE
ğŸ”„,"Customer Datastore (n8n training)","Data Transformation","Action","Dummy node used for n8n training",FALSE,,"transform",FALSE
ğŸ”„,"Customer Messenger (n8n training)","Data Transformation","Action","Dummy node used for n8n training",FALSE,,"transform",FALSE
ğŸ”„,"Date & Time","Data Transformation","Action","Allows you to manipulate date and time values",FALSE,"fa:clock","transform",FALSE
ğŸ”„,"Dropcontact","Data Transformation","Action","Find B2B emails and enrich contacts",TRUE,"dropcontact.svg","transform",FALSE
ğŸ”„,"Edit Image","Data Transformation","Action","Edits an image like blur, resize or adding border and text",FALSE,"fa:image","transform",FALSE
ğŸ”„,"Elastic Security","Data Transformation","Action","Consume the Elastic Security API",TRUE,"elasticSecurity.svg","transform",FALSE
ğŸ”„,"Elasticsearch","Data Transformation","Action","Consume the Elasticsearch API",TRUE,"elasticsearch.svg","transform",FALSE
ğŸ”„,"Execute Command","Data Transformation","Action","Executes a command on the host",FALSE,"fa:terminal","transform",FALSE
ğŸ”„,"Execute Sub-workflow","Data Transformation","Action","Execute another workflow",FALSE,"fa:sign-in-alt","transform",FALSE
ğŸ”„,"Facebook Graph API","Data Transformation","Action","Interacts with Facebook using the Graph API",TRUE,"facebook.svg","transform",FALSE
ğŸ”„,"Filter","Data Transformation","Action","Remove items matching a condition",FALSE,"fa:filter","transform",FALSE
ğŸ”„,"Freshservice","Data Transformation","Action","Consume the Freshservice API",TRUE,"freshservice.svg","transform",FALSE
ğŸ”„,"Freshworks CRM","Data Transformation","Action","Consume the Freshworks CRM API",TRUE,"freshworksCrm.svg","transform",FALSE
ğŸ”„,"Function","Data Transformation","Action","Run custom function code which gets executed once and allows you to add, remove, change and replace items",FALSE,"fa:code","transform",FALSE
ğŸ”„,"Function Item","Data Transformation","Action","Run custom function code which gets executed once per item",FALSE,"fa:code","transform",FALSE
ğŸ”„,"Git","Data Transformation","Action","Control git.",TRUE,"git.svg","transform",FALSE
ğŸ”„,"Gmail","Data Transformation","Action","Consume the Gmail API",FALSE,"gmail.svg","transform",FALSE
ğŸ”„,"Gong","Data Transformation","Action","Interact with Gong API",TRUE,"gong.svg","transform",FALSE
ğŸ”„,"Google Ads","Data Transformation","Action","Use the Google Ads API",TRUE,"googleAds.svg","transform",FALSE
ğŸ”„,"Google Analytics","Data Transformation","Action","Use the Google Analytics API",FALSE,"analytics.svg","transform",FALSE
ğŸ”„,"Google Cloud Storage","Data Transformation","Action","Use the Google Cloud Storage API",TRUE,"googleCloudStorage.svg","transform",FALSE
ğŸ”„,"Google Perspective","Data Transformation","Action","Consume Google Perspective API",TRUE,"googlePerspective.svg","transform",FALSE
ğŸ”„,"GoToWebinar","Data Transformation","Action","Consume the GoToWebinar API",TRUE,"gotowebinar.svg","transform",FALSE
ğŸ”„,"Grafana","Data Transformation","Action","Consume the Grafana API",TRUE,"grafana.svg","transform",FALSE
ğŸ”„,"Hacker News","Data Transformation","Action","Consume Hacker News API",FALSE,"hackernews.png","transform",FALSE
ğŸ”„,"HighLevel","Data Transformation","Action","Consume HighLevel API",FALSE,"highLevel.svg","transform",FALSE
ğŸ”„,"HTML","Data Transformation","Action","Work with HTML",FALSE,"html.svg","transform",FALSE
ğŸ”„,"HTML Extract","Data Transformation","Action","Extracts data from HTML",FALSE,"fa:cut","transform",FALSE
ğŸ”„,"If","Data Transformation","Action","Route items to different branches (true/false)",FALSE,"fa:map-signs","transform",FALSE
ğŸ”„,"Jina AI","Data Transformation","Action","Interact with Jina AI API",TRUE,,"transform",FALSE
ğŸ”„,"JWT","Data Transformation","Action","JWT",TRUE,"jwt.svg","transform",FALSE
ğŸ”„,"Kafka","Data Transformation","Action","Sends messages to a Kafka topic",TRUE,"kafka.svg","transform",FALSE
ğŸ”„,"KoBoToolbox","Data Transformation","Action","Work with KoBoToolbox forms and submissions",TRUE,"koBoToolbox.svg","transform",FALSE
ğŸ”„,"Ldap","Data Transformation","Action","Interact with LDAP servers",TRUE,"ldap.svg","transform",FALSE
ğŸ”„,"Lemlist","Data Transformation","Action","Consume the Lemlist API",FALSE,"lemlist.svg","transform",FALSE
ğŸ”„,"Limit","Data Transformation","Action","Restrict the number of items",FALSE,"limit.svg","transform",FALSE
ğŸ”„,"LoneScale","Data Transformation","Action","Create List, add / delete items",TRUE,"loneScale.svg","transform",FALSE
ğŸ”„,"Mailcheck","Data Transformation","Action","Consume Mailcheck API",TRUE,"mailcheck.svg","transform",FALSE
ğŸ”„,"Marketstack","Data Transformation","Action","Consume Marketstack API",TRUE,"marketstack.svg","transform",FALSE
ğŸ”„,"Merge","Data Transformation","Action","Merges data of multiple streams once data from both is available",FALSE,"merge.svg","transform",FALSE
ğŸ”„,"Metabase","Data Transformation","Action","Use the Metabase API",TRUE,"metabase.svg","transform",FALSE
ğŸ”„,"Microsoft Entra ID","Data Transformation","Action","Interact with Microsoft Entra ID API",TRUE,,"transform",FALSE
ğŸ”„,"Microsoft Graph Security","Data Transformation","Action","Consume the Microsoft Graph Security API",TRUE,"microsoftGraph.svg","transform",FALSE
ğŸ”„,"Microsoft Outlook","Data Transformation","Action","Consume Microsoft Outlook API",FALSE,"outlook.svg","transform",FALSE
ğŸ”„,"Microsoft SharePoint","Data Transformation","Action","Interact with Microsoft SharePoint API",TRUE,,"transform",FALSE
ğŸ”„,"MISP","Data Transformation","Action","Consume the MISP API",TRUE,"misp.svg","transform",FALSE
ğŸ”„,"Mistral AI","Data Transformation","Action","Consume Mistral AI API",TRUE,,"transform",FALSE
ğŸ”„,"Mocean","Data Transformation","Action","Send SMS and voice messages via Mocean",TRUE,"mocean.svg","transform",FALSE
ğŸ”„,"Monica CRM","Data Transformation","Action","Consume the Monica CRM API",TRUE,"monicaCrm.png","transform",FALSE
ğŸ”„,"MSG91","Data Transformation","Action","Sends transactional SMS via MSG91",TRUE,"msg91.svg","transform",FALSE
ğŸ”„,"n8n","Data Transformation","Action","Handle events and perform actions on your n8n instance",TRUE,"n8n.svg","transform",FALSE
ğŸ”„,"NASA","Data Transformation","Action","Retrieve data from the NASA API",TRUE,"nasa.png","transform",FALSE
ğŸ”„,"Netlify","Data Transformation","Action","Consume Netlify API",TRUE,"netlify.svg","transform",FALSE
ğŸ”„,"Odoo","Data Transformation","Action","Consume Odoo API",TRUE,"odoo.svg","transform",FALSE
ğŸ”„,"Okta","Data Transformation","Action","Use the Okta API",TRUE,"Okta.svg","transform",FALSE
ğŸ”„,"One Simple API","Data Transformation","Action","A toolbox of no-code utilities",TRUE,"onesimpleapi.svg","transform",FALSE
ğŸ”„,"OpenAI","Data Transformation","Action","Consume Open AI",TRUE,"openAi.svg","transform",FALSE
ğŸ”„,"Perplexity","Data Transformation","Action","Interact with the Perplexity API to generate AI responses with citations",TRUE,,"transform",FALSE
ğŸ”„,"Pipedrive","Data Transformation","Action","Create and edit data in Pipedrive",TRUE,"pipedrive.svg","transform",FALSE
ğŸ”„,"Plivo","Data Transformation","Action","Send SMS/MMS messages or make phone calls",TRUE,"plivo.svg","transform",FALSE
ğŸ”„,"PostBin","Data Transformation","Action","Consume PostBin API",FALSE,"postbin.svg","transform",FALSE
ğŸ”„,"QuickBooks Online","Data Transformation","Action","Consume the QuickBooks Online API",TRUE,"quickbooks.svg","transform",FALSE
ğŸ”„,"RabbitMQ","Data Transformation","Action","Sends messages to a RabbitMQ topic",TRUE,"rabbitmq.svg","transform",FALSE
ğŸ”„,"Raindrop","Data Transformation","Action","Consume the Raindrop API",TRUE,"raindrop.svg","transform",FALSE
ğŸ”„,"Reddit","Data Transformation","Action","Consume the Reddit API",TRUE,"reddit.svg","transform",FALSE
ğŸ”„,"Remove Duplicates","Data Transformation","Action","Delete items with matching field values",FALSE,"removeDuplicates.svg","transform",FALSE
ğŸ”„,"Rename Keys","Data Transformation","Action","Update item field names",FALSE,"fa:edit","transform",FALSE
ğŸ”„,"Respond to Webhook","Data Transformation","Action","Returns data for Webhook",TRUE,"webhook.svg","transform",FALSE
ğŸ”„,"Rundeck","Data Transformation","Action","Manage Rundeck API",TRUE,"rundeck.png","transform",FALSE
ğŸ”„,"SecurityScorecard","Data Transformation","Action","Consume SecurityScorecard API",TRUE,"securityScorecard.svg","transform",FALSE
ğŸ”„,"SendGrid","Data Transformation","Action","Consume SendGrid API",TRUE,"sendGrid.svg","transform",FALSE
ğŸ”„,"seven","Data Transformation","Action","Send SMS and make text-to-speech calls",TRUE,"seven.svg","transform",FALSE
ğŸ”„,"SIGNL4","Data Transformation","Action","Consume SIGNL4 API",TRUE,"signl4.png","transform",FALSE
ğŸ”„,"Sort","Data Transformation","Action","Change items order",FALSE,"sort.svg","transform",FALSE
ğŸ”„,"Split Out","Data Transformation","Action","Turn a list inside item(s) into separate items",FALSE,"splitOut.svg","transform",FALSE
ğŸ”„,"Splunk","Data Transformation","Action","Consume the Splunk Enterprise API",FALSE,"splunk.svg","transform",FALSE
ğŸ”„,"Spreadsheet File","Data Transformation","Action","Reads and writes data from a spreadsheet file like CSV, XLS, ODS, etc",FALSE,"fa:table","transform",FALSE
ğŸ”„,"Stackby","Data Transformation","Action","Read, write, and delete data in Stackby",TRUE,"stackby.png","transform",FALSE
ğŸ”„,"Stripe","Data Transformation","Action","Consume the Stripe API",TRUE,"stripe.svg","transform",FALSE
ğŸ”„,"Summarize","Data Transformation","Action","Sum, count, max, etc. across items",FALSE,"summarize.svg","transform",FALSE
ğŸ”„,"Switch","Data Transformation","Action","Route items depending on defined expression or rules",FALSE,"fa:map-signs","transform",FALSE
ğŸ”„,"Taiga","Data Transformation","Action","Consume Taiga API",TRUE,"taiga.svg","transform",FALSE
ğŸ”„,"Tapfiliate","Data Transformation","Action","Consume Tapfiliate API",TRUE,"tapfiliate.svg","transform",FALSE
ğŸ”„,"TheHive","Data Transformation","Action","Consume TheHive API",TRUE,"thehive.svg","transform",FALSE
ğŸ”„,"TheHive 5","Data Transformation","Action","Consume TheHive 5 API",TRUE,"thehiveproject.svg","transform",FALSE
ğŸ”„,"TOTP","Data Transformation","Action","Generate a time-based one-time password",TRUE,"fa:fingerprint","transform",FALSE
ğŸ”„,"Trello","Data Transformation","Action","Create, change and delete boards and cards",TRUE,"trello.svg","transform",FALSE
ğŸ”„,"Twake","Data Transformation","Action","Consume Twake API",TRUE,"twake.png","transform",FALSE
ğŸ”„,"Twilio","Data Transformation","Action","Send SMS and WhatsApp messages or make phone calls",TRUE,"twilio.svg","transform",FALSE
ğŸ”„,"Unleashed Software","Data Transformation","Action","Consume Unleashed Software API",TRUE,"unleashedSoftware.png","transform",FALSE
ğŸ”„,"urlscan.io","Data Transformation","Action","Provides various utilities for monitoring websites like health checks or screenshots",TRUE,"urlScanIo.svg","transform",FALSE
ğŸ”„,"Webex by Cisco","Data Transformation","Action","Consume the Cisco Webex API",TRUE,"ciscoWebex.png","transform",FALSE
ğŸ”„,"Webflow","Data Transformation","Action","Consume the Webflow API",FALSE,"webflow.svg","transform",FALSE
ğŸ”„,"Wekan","Data Transformation","Action","Consume Wekan API",TRUE,"wekan.svg","transform",FALSE
ğŸ”„,"Wise","Data Transformation","Action","Consume the Wise API",TRUE,"wise.svg","transform",FALSE
ğŸ”„,"XML","Data Transformation","Action","Convert data from and to XML",FALSE,"fa:file-code","transform",FALSE
ğŸ”„,"Zoho CRM","Data Transformation","Action","Consume Zoho CRM API",TRUE,"zoho.svg","transform",FALSE
ğŸ“¥,"Airtable","Data Sources","Action","Read, update, write and delete data from Airtable",FALSE,"airtable.svg","input",FALSE
ğŸ“¥,"Asana","Data Sources","Action","Consume Asana REST API",TRUE,"asana.svg","input",FALSE
ğŸ“¥,"Autopilot","Data Sources","Action","Consume Autopilot API",TRUE,"autopilot.svg","input",FALSE
ğŸ“¥,"Box","Data Sources","Action","Consume Box API",TRUE,"box.png","input",FALSE
ğŸ“¥,"Chargebee","Data Sources","Action","Retrieve data from Chargebee API",TRUE,"chargebee.png","input",FALSE
ğŸ“¥,"Cloudflare","Data Sources","Action","Consume Cloudflare API",TRUE,"cloudflare.svg","input",FALSE
ğŸ“¥,"Contentful","Data Sources","Action","Consume Contentful API",TRUE,"contentful.png","input",FALSE
ğŸ“¥,"Convert to File","Data Sources","Action","Convert JSON data to binary data",FALSE,"convertToFile.svg","input",FALSE
ğŸ“¥,"ConvertKit","Data Sources","Action","Consume ConvertKit API",TRUE,"convertKit.svg","input",FALSE
ğŸ“¥,"CrateDB","Data Sources","Action","Add and update data in CrateDB",TRUE,"cratedb.png","input",FALSE
ğŸ“¥,"Data table","Data Sources","Action","Permanently save data across workflow executions in a table",FALSE,"fa:table","input",FALSE
ğŸ“¥,"DeepL","Data Sources","Action","Translate data using DeepL",TRUE,"deepl.svg","input",FALSE
ğŸ“¥,"DHL","Data Sources","Action","Consume DHL API",TRUE,"dhl.svg","input",FALSE
ğŸ“¥,"Discourse","Data Sources","Action","Consume Discourse API",TRUE,"discourse.svg","input",FALSE
ğŸ“¥,"Disqus","Data Sources","Action","Access data on Disqus",TRUE,"disqus.png","input",FALSE
ğŸ“¥,"Dropbox","Data Sources","Action","Access data on Dropbox",TRUE,"dropbox.svg","input",FALSE
ğŸ“¥,"Emelia","Data Sources","Action","Consume the Emelia API",TRUE,"emelia.svg","input",FALSE
ğŸ“¥,"Execution Data","Data Sources","Action","Add execution data for search",FALSE,"fa:tasks","input",FALSE
ğŸ“¥,"Extract from File","Data Sources","Action","Convert binary data to JSON",FALSE,"extractFromFile.svg","input",FALSE
ğŸ“¥,"FileMaker","Data Sources","Action","Retrieve data from the FileMaker data API",TRUE,"filemaker.png","input",FALSE
ğŸ“¥,"FTP","Data Sources","Action","Transfer files via FTP or SFTP",TRUE,"fa:server","input",FALSE
ğŸ“¥,"GetResponse","Data Sources","Action","Consume GetResponse API",TRUE,"getResponse.png","input",FALSE
ğŸ“¥,"Ghost","Data Sources","Action","Consume Ghost API",TRUE,"ghost.svg","input",FALSE
ğŸ“¥,"GitHub","Data Sources","Action","Consume GitHub API",TRUE,,"input",FALSE
ğŸ“¥,"GitLab","Data Sources","Action","Retrieve data from GitLab API",TRUE,"gitlab.svg","input",FALSE
ğŸ“¥,"Google BigQuery","Data Sources","Action","Consume Google BigQuery API",FALSE,"googleBigQuery.svg","input",FALSE
ğŸ“¥,"Google Books","Data Sources","Action","Read data from Google Books",TRUE,"googlebooks.svg","input",FALSE
ğŸ“¥,"Google Business Profile","Data Sources","Action","Consume Google Business Profile API",TRUE,"googleBusinessProfile.svg","input",FALSE
ğŸ“¥,"Google Calendar","Data Sources","Action","Consume Google Calendar API",TRUE,"googleCalendar.svg","input",FALSE
ğŸ“¥,"Google Chat","Data Sources","Action","Consume Google Chat API",TRUE,"googleChat.svg","input",FALSE
ğŸ“¥,"Google Cloud Firestore","Data Sources","Action","Interact with Google Firebase - Cloud Firestore API",TRUE,"googleFirebaseCloudFirestore.png","input",FALSE
ğŸ“¥,"Google Cloud Natural Language","Data Sources","Action","Consume Google Cloud Natural Language API",TRUE,"googlecloudnaturallanguage.png","input",FALSE
ğŸ“¥,"Google Cloud Realtime Database","Data Sources","Action","Interact with Google Firebase - Realtime Database API",TRUE,"googleFirebaseRealtimeDatabase.svg","input",FALSE
ğŸ“¥,"Google Contacts","Data Sources","Action","Consume Google Contacts API",TRUE,"googleContacts.png","input",FALSE
ğŸ“¥,"Google Docs","Data Sources","Action","Consume Google Docs API.",TRUE,"googleDocs.svg","input",FALSE
ğŸ“¥,"Google Drive","Data Sources","Action","Access data on Google Drive",FALSE,"googleDrive.svg","input",FALSE
ğŸ“¥,"Google Sheets","Data Sources","Action","Read, update and write data to Google Sheets",FALSE,"googleSheets.svg","input",FALSE
ğŸ“¥,"Google Slides","Data Sources","Action","Consume the Google Slides API",TRUE,"googleslides.svg","input",FALSE
ğŸ“¥,"Google Tasks","Data Sources","Action","Consume Google Tasks API",TRUE,"googleTasks.svg","input",FALSE
ğŸ“¥,"Google Translate","Data Sources","Action","Translate data using Google Translate",TRUE,"googletranslate.png","input",FALSE
ğŸ“¥,"Google Workspace Admin","Data Sources","Action","Consume Google Workspace Admin API",TRUE,"gSuiteAdmin.svg","input",FALSE
ğŸ“¥,"Gotify","Data Sources","Action","Consume Gotify API",TRUE,"gotify.png","input",FALSE
ğŸ“¥,"GraphQL","Data Sources","Action","Makes a GraphQL request and returns the received data",TRUE,"graphql.png","input",FALSE
ğŸ“¥,"Grist","Data Sources","Action","Consume the Grist API",TRUE,"grist.svg","input",FALSE
ğŸ“¥,"HaloPSA","Data Sources","Action","Consume HaloPSA API",TRUE,"halopsa.svg","input",FALSE
ğŸ“¥,"Harvest","Data Sources","Action","Access data on Harvest",TRUE,"harvest.png","input",FALSE
ğŸ“¥,"Help Scout","Data Sources","Action","Consume Help Scout API",TRUE,"helpScout.svg","input",FALSE
ğŸ“¥,"iCalendar","Data Sources","Action","Create iCalendar file",FALSE,"fa:calendar","input",FALSE
ğŸ“¥,"Item Lists","Data Sources","Action","Helper for working with lists of items and transforming arrays",FALSE,"itemLists.svg","input",FALSE
ğŸ“¥,"Iterable","Data Sources","Action","Consume Iterable API",TRUE,"iterable.png","input",FALSE
ğŸ“¥,"Keap","Data Sources","Action","Consume Keap API",TRUE,"keap.png","input",FALSE
ğŸ“¥,"Line","Data Sources","Action","Consume Line API",TRUE,"line.png","input",FALSE
ğŸ“¥,"LinkedIn","Data Sources","Action","Consume LinkedIn API",TRUE,"linkedin.svg","input",FALSE
ğŸ“¥,"Magento 2","Data Sources","Action","Consume Magento API",TRUE,"magento.svg","input",FALSE
ğŸ“¥,"MailerLite","Data Sources","Action","Consume MailerLite API",FALSE,"MailerLite.svg","input",FALSE
ğŸ“¥,"Microsoft Dynamics CRM","Data Sources","Action","Consume Microsoft Dynamics CRM API",TRUE,"microsoftDynamicsCrm.svg","input",FALSE
ğŸ“¥,"Microsoft Excel 365","Data Sources","Action","Consume Microsoft Excel API",FALSE,"excel.svg","input",FALSE
ğŸ“¥,"Microsoft OneDrive","Data Sources","Action","Consume Microsoft OneDrive API",TRUE,"oneDrive.svg","input",FALSE
ğŸ“¥,"Microsoft SQL","Data Sources","Action","Get, add and update data in Microsoft SQL",TRUE,"mssql.svg","input",FALSE
ğŸ“¥,"Microsoft Teams","Data Sources","Action","Consume Microsoft Teams API",FALSE,"teams.svg","input",FALSE
ğŸ“¥,"Microsoft To Do","Data Sources","Action","Consume Microsoft To Do API.",TRUE,"todo.svg","input",FALSE
ğŸ“¥,"Mindee","Data Sources","Action","Consume Mindee API",TRUE,"mindee.svg","input",FALSE
ğŸ“¥,"MongoDB","Data Sources","Action","Find, insert and update documents in MongoDB",TRUE,"mongodb.svg","input",FALSE
ğŸ“¥,"MQTT","Data Sources","Action","Push messages to MQTT",TRUE,"mqtt.svg","input",FALSE
ğŸ“¥,"MySQL","Data Sources","Action","Get, add and update data in MySQL",FALSE,"mysql.svg","input",FALSE
ğŸ“¥,"n8n Form","Data Sources","Action","Generate webforms in n8n and pass their responses to the workflow",FALSE,"form.svg","input",FALSE
ğŸ“¥,"Nextcloud","Data Sources","Action","Access data on Nextcloud",TRUE,"nextcloud.svg","input",FALSE
ğŸ“¥,"NocoDB","Data Sources","Action","Read, update, write and delete data from NocoDB",TRUE,"nocodb.svg","input",FALSE
ğŸ“¥,"Npm","Data Sources","Action","Consume NPM registry API",TRUE,"npm.svg","input",FALSE
ğŸ“¥,"Onfleet","Data Sources","Action","Consume Onfleet API",TRUE,"Onfleet.svg","input",FALSE
ğŸ“¥,"OpenWeatherMap","Data Sources","Action","Gets current and future weather information",TRUE,"openWeatherMap.svg","input",FALSE
ğŸ“¥,"Oracle Database","Data Sources","Action","Get, add and update data in Oracle database",TRUE,"oracle.svg","input",FALSE
ğŸ“¥,"Phantombuster","Data Sources","Action","Consume Phantombuster API",TRUE,"phantombuster.png","input",FALSE
ğŸ“¥,"Philips Hue","Data Sources","Action","Consume Philips Hue API",TRUE,"philipshue.png","input",FALSE
ğŸ“¥,"Postgres","Data Sources","Action","Get, add and update data in Postgres",FALSE,"postgres.svg","input",FALSE
ğŸ“¥,"PostHog","Data Sources","Action","Consume PostHog API",TRUE,"postHog.svg","input",FALSE
ğŸ“¥,"Pushbullet","Data Sources","Action","Consume Pushbullet API",TRUE,"pushbullet.svg","input",FALSE
ğŸ“¥,"Pushcut","Data Sources","Action","Consume Pushcut API",TRUE,"pushcut.png","input",FALSE
ğŸ“¥,"Pushover","Data Sources","Action","Consume Pushover API",TRUE,"pushover.svg","input",FALSE
ğŸ“¥,"QuestDB","Data Sources","Action","Get, add and update data in QuestDB",TRUE,"questdb.png","input",FALSE
ğŸ“¥,"Quick Base","Data Sources","Action","Integrate with the Quick Base RESTful API",TRUE,"quickbase.png","input",FALSE
ğŸ“¥,"Read Binary File","Data Sources","Action","Reads a binary file from disk",FALSE,"fa:file-import","input",FALSE
ğŸ“¥,"Read Binary Files","Data Sources","Action","Reads binary files from disk",FALSE,"fa:file-import","input",FALSE
ğŸ“¥,"Read PDF","Data Sources","Action","Reads a PDF and extracts its content",FALSE,"fa:file-pdf","input",FALSE
ğŸ“¥,"Read/Write Files from Disk","Data Sources","Action","Read or write files from the computer that runs n8n",FALSE,"readWriteFile.svg","input",FALSE
ğŸ“¥,"Redis","Data Sources","Action","Get, send and update data in Redis",TRUE,"redis.svg","input",FALSE
ğŸ“¥,"RSS Read","Data Sources","Action","Reads data from an RSS Feed",FALSE,"fa:rss","input",FALSE
ğŸ“¥,"Sendy","Data Sources","Action","Consume Sendy API",TRUE,"sendy.png","input",FALSE
ğŸ“¥,"Set","Data Sources","Action","Add or edit fields on an input item and optionally remove other fields",FALSE,"fa:pen","input",FALSE
ğŸ“¥,"Snowflake","Data Sources","Action","Get, add and update data in Snowflake",TRUE,"snowflake.svg","input",FALSE
ğŸ“¥,"Spotify","Data Sources","Action","Access public song data via the Spotify API",TRUE,"spotify.svg","input",FALSE
ğŸ“¥,"SSH","Data Sources","Action","Execute commands via SSH",TRUE,"fa:terminal","input",FALSE
ğŸ“¥,"Start","Data Sources","Action","Starts the workflow execution from this node",FALSE,"fa:play","input",FALSE
ğŸ“¥,"Sticky Note","Data Sources","Action","Make your workflow easier to understand",FALSE,"fa:sticky-note","input",FALSE
ğŸ“¥,"Stop and Error","Data Sources","Action","Throw an error in the workflow",FALSE,"fa:exclamation-triangle","input",FALSE
ğŸ“¥,"Strapi","Data Sources","Action","Consume Strapi API",TRUE,"strapi.svg","input",FALSE
ğŸ“¥,"Strava","Data Sources","Action","Consume Strava API",TRUE,"strava.svg","input",FALSE
ğŸ“¥,"Supabase","Data Sources","Action","Add, get, delete and update data in a table",TRUE,"supabase.svg","input",FALSE
ğŸ“¥,"TimescaleDB","Data Sources","Action","Add and update data in TimescaleDB",TRUE,"timescaleDb.svg","input",FALSE
ğŸ“¥,"Twist","Data Sources","Action","Consume Twist API",TRUE,"twist.png","input",FALSE
ğŸ“¥,"Venafi TLS Protect Cloud","Data Sources","Action","Consume Venafi TLS Protect Cloud API",TRUE,"../venafi.svg","input",FALSE
ğŸ“¥,"Venafi TLS Protect Datacenter","Data Sources","Action","Consume Venafi TLS Protect Datacenter",TRUE,"../venafi.svg","input",FALSE
ğŸ“¥,"Vonage","Data Sources","Action","Consume Vonage API",TRUE,"vonage.svg","input",FALSE
ğŸ“¥,"Yourls","Data Sources","Action","Consume Yourls API",TRUE,"yourls.png","input",FALSE
ğŸ“¥,"YouTube","Data Sources","Action","Consume YouTube API",TRUE,"youTube.png","input",FALSE
ğŸ“¥,"Zammad","Data Sources","Action","Consume the Zammad API",TRUE,"zammad.svg","input",FALSE
ğŸ“¥,"Zoom","Data Sources","Action","Consume Zoom API",TRUE,"zoom.svg","input",FALSE
ğŸ“¤,"Affinity","Data Destinations","Action","Consume Affinity API",TRUE,"affinity.svg","output",FALSE
ğŸ“¤,"AWS Certificate Manager","Data Destinations","Action","Sends data to AWS Certificate Manager",FALSE,"acm.svg","output",FALSE
ğŸ“¤,"AWS Cognito","Data Destinations","Action","Sends data to AWS Cognito",TRUE,,"output",FALSE
ğŸ“¤,"AWS Comprehend","Data Destinations","Action","Sends data to Amazon Comprehend",FALSE,"comprehend.svg","output",FALSE
ğŸ“¤,"AWS ELB","Data Destinations","Action","Sends data to AWS ELB API",FALSE,"elb.svg","output",FALSE
ğŸ“¤,"AWS IAM","Data Destinations","Action","Interacts with Amazon IAM",TRUE,"AwsIam.svg","output",FALSE
ğŸ“¤,"AWS Lambda","Data Destinations","Action","Invoke functions on AWS Lambda",FALSE,"lambda.svg","output",FALSE
ğŸ“¤,"AWS Rekognition","Data Destinations","Action","Sends data to AWS Rekognition",FALSE,"rekognition.svg","output",FALSE
ğŸ“¤,"AWS SES","Data Destinations","Action","Sends data to AWS SES",FALSE,"ses.svg","output",FALSE
ğŸ“¤,"AWS SNS","Data Destinations","Action","Sends data to AWS SNS",FALSE,"sns.svg","output",FALSE
ğŸ“¤,"AWS SQS","Data Destinations","Action","Sends messages to AWS SQS",FALSE,"sqs.svg","output",FALSE
ğŸ“¤,"AWS Textract","Data Destinations","Action","Sends data to Amazon Textract",FALSE,"textract.svg","output",FALSE
ğŸ“¤,"AWS Transcribe","Data Destinations","Action","Sends data to AWS Transcribe",TRUE,"transcribe.svg","output",FALSE
ğŸ“¤,"AwsS3","Data Destinations","Action","Sends data to AWS S3",FALSE,"s3.svg","output",FALSE
ğŸ“¤,"Bannerbear","Data Destinations","Action","Consume Bannerbear API",TRUE,"bannerbear.png","output",FALSE
ğŸ“¤,"Baserow","Data Destinations","Action","Consume the Baserow API",TRUE,"baserow.svg","output",FALSE
ğŸ“¤,"Beeminder","Data Destinations","Action","Consume Beeminder API",TRUE,"beeminder.png","output",FALSE
ğŸ“¤,"Bitly","Data Destinations","Action","Consume Bitly API",TRUE,"bitly.svg","output",FALSE
ğŸ“¤,"Brandfetch","Data Destinations","Action","Consume Brandfetch API",TRUE,"brandfetch.png","output",FALSE
ğŸ“¤,"CircleCI","Data Destinations","Action","Consume CircleCI API",TRUE,"circleCi.svg","output",FALSE
ğŸ“¤,"Clearbit","Data Destinations","Action","Consume Clearbit API",TRUE,"clearbit.svg","output",FALSE
ğŸ“¤,"ClickUp","Data Destinations","Action","Consume ClickUp API (Beta)",TRUE,"clickup.svg","output",FALSE
ğŸ“¤,"Cockpit","Data Destinations","Action","Consume Cockpit API",TRUE,"cockpit.svg","output",FALSE
ğŸ“¤,"Coda","Data Destinations","Action","Consume Coda API",TRUE,"coda.svg","output",FALSE
ğŸ“¤,"CoinGecko","Data Destinations","Action","Consume CoinGecko API",FALSE,"coinGecko.svg","output",FALSE
ğŸ“¤,"Customer.io","Data Destinations","Action","Consume Customer.io API",TRUE,"customerio.svg","output",FALSE
ğŸ“¤,"DebugHelper","Data Destinations","Action","Causes problems intentionally and generates useful data for debugging",FALSE,"DebugHelper.svg","output",FALSE
ğŸ“¤,"Demio","Data Destinations","Action","Consume the Demio API",TRUE,"demio.svg","output",FALSE
ğŸ“¤,"Discord","Data Destinations","Action","Sends data to Discord",FALSE,"discord.svg","output",FALSE
ğŸ“¤,"Drift","Data Destinations","Action","Consume Drift API",TRUE,"drift.svg","output",FALSE
ğŸ“¤,"E-goi","Data Destinations","Action","Consume E-goi API",TRUE,"egoi.svg","output",FALSE
ğŸ“¤,"E2E Test","Data Destinations","Action","Dummy node used for e2e testing",FALSE,"fa:play","output",FALSE
ğŸ“¤,"ERPNext","Data Destinations","Action","Consume ERPNext API",TRUE,"erpnext.svg","output",FALSE
ğŸ“¤,"Flow","Data Destinations","Action","Consume Flow API",TRUE,"flow.svg","output",FALSE
ğŸ“¤,"Freshdesk","Data Destinations","Action","Consume Freshdesk API",TRUE,"freshdesk.svg","output",FALSE
ğŸ“¤,"Home Assistant","Data Destinations","Action","Consume Home Assistant API",TRUE,"homeAssistant.svg","output",FALSE
ğŸ“¤,"HTTP Request","Data Destinations","Action","Makes an HTTP request and returns the response data",FALSE,"httprequest.svg","output",FALSE
ğŸ“¤,"HubSpot","Data Destinations","Action","Consume HubSpot API",FALSE,"hubspot.svg","output",FALSE
ğŸ“¤,"Humantic AI","Data Destinations","Action","Consume Humantic AI API",TRUE,"humanticai.svg","output",FALSE
ğŸ“¤,"Hunter","Data Destinations","Action","Consume Hunter API",TRUE,"hunter.png","output",FALSE
ğŸ“¤,"Intercom","Data Destinations","Action","Consume Intercom API",TRUE,"intercom.svg","output",FALSE
ğŸ“¤,"Invoice Ninja","Data Destinations","Action","Consume Invoice Ninja API",TRUE,"invoiceNinja.svg","output",FALSE
ğŸ“¤,"Jenkins","Data Destinations","Action","Consume Jenkins API",TRUE,"jenkins.svg","output",FALSE
ğŸ“¤,"Jira Software","Data Destinations","Action","Consume Jira Software API",TRUE,"jira.svg","output",FALSE
ğŸ“¤,"Linear","Data Destinations","Action","Consume Linear API",TRUE,"linear.svg","output",FALSE
ğŸ“¤,"LingvaNex","Data Destinations","Action","Consume LingvaNex API",TRUE,"lingvanex.png","output",FALSE
ğŸ“¤,"Mailchimp","Data Destinations","Action","Consume Mailchimp API",TRUE,"mailchimp.svg","output",FALSE
ğŸ“¤,"Mailgun","Data Destinations","Action","Sends an email via Mailgun",TRUE,"mailgun.svg","output",FALSE
ğŸ“¤,"Mailjet","Data Destinations","Action","Consume Mailjet API",TRUE,"mailjet.svg","output",FALSE
ğŸ“¤,"Mandrill","Data Destinations","Action","Consume Mandrill API",TRUE,"mandrill.svg","output",FALSE
ğŸ“¤,"Markdown","Data Destinations","Action","Convert data between Markdown and HTML",FALSE,"markdown.svg","output",FALSE
ğŸ“¤,"Matrix","Data Destinations","Action","Consume Matrix API",TRUE,"matrix.png","output",FALSE
ğŸ“¤,"Mattermost","Data Destinations","Action","Sends data to Mattermost",FALSE,"mattermost.svg","output",FALSE
ğŸ“¤,"Mautic","Data Destinations","Action","Consume Mautic API",TRUE,"mautic.svg","output",FALSE
ğŸ“¤,"Medium","Data Destinations","Action","Consume Medium API",TRUE,"medium.png","output",FALSE
ğŸ“¤,"MessageBird","Data Destinations","Action","Sends SMS via MessageBird",TRUE,"messagebird.svg","output",FALSE
ğŸ“¤,"Monday.com","Data Destinations","Action","Consume Monday.com API",TRUE,"mondayCom.svg","output",FALSE
ğŸ“¤,"Netscaler ADC","Data Destinations","Action","Consume Netscaler ADC API",TRUE,"netscaler.svg","output",FALSE
ğŸ“¤,"Notion","Data Destinations","Action","Consume Notion API",FALSE,"notion.svg","output",FALSE
ğŸ“¤,"OpenThesaurus","Data Destinations","Action","Get synonmns for German words using the OpenThesaurus API",FALSE,"openthesaurus.png","output",FALSE
ğŸ“¤,"Orbit","Data Destinations","Action","Consume Orbit API",TRUE,"orbit.svg","output",FALSE
ğŸ“¤,"Oura","Data Destinations","Action","Consume Oura API",TRUE,"oura.svg","output",FALSE
ğŸ“¤,"Paddle","Data Destinations","Action","Consume Paddle API",TRUE,"paddle.png","output",FALSE
ğŸ“¤,"PagerDuty","Data Destinations","Action","Consume PagerDuty API",TRUE,"pagerDuty.svg","output",FALSE
ğŸ“¤,"PayPal","Data Destinations","Action","Consume PayPal API",TRUE,"paypal.svg","output",FALSE
ğŸ“¤,"Peekalink","Data Destinations","Action","Consume the Peekalink API",TRUE,"peekalink.png","output",FALSE
ğŸ“¤,"ProfitWell","Data Destinations","Action","Consume ProfitWell API",TRUE,"profitwell.svg","output",FALSE
ğŸ“¤,"QuickChart","Data Destinations","Action","Create a chart via QuickChart",FALSE,"quickChart.svg","output",FALSE
ğŸ“¤,"RocketChat","Data Destinations","Action","Consume RocketChat API",TRUE,"rocketchat.svg","output",FALSE
ğŸ“¤,"S3","Data Destinations","Action","Sends data to any S3-compatible service",TRUE,"s3.png","output",FALSE
ğŸ“¤,"Salesforce","Data Destinations","Action","Consume Salesforce API",TRUE,"salesforce.svg","output",FALSE
ğŸ“¤,"Salesmate","Data Destinations","Action","Consume Salesmate API",TRUE,"salesmate.png","output",FALSE
ğŸ“¤,"SeaTable","Data Destinations","Action","Read, update, write and delete data from SeaTable",FALSE,"seaTable.svg","output",FALSE
ğŸ“¤,"Segment","Data Destinations","Action","Consume Segment API",TRUE,"segment.svg","output",FALSE
ğŸ“¤,"Send Email","Data Destinations","Action","Sends an email using SMTP protocol",FALSE,"fa:envelope","output",FALSE
ğŸ“¤,"Sentry.io","Data Destinations","Action","Consume Sentry.io API",TRUE,"sentryio.svg","output",FALSE
ğŸ“¤,"ServiceNow","Data Destinations","Action","Consume ServiceNow API",TRUE,"servicenow.svg","output",FALSE
ğŸ“¤,"Shopify","Data Destinations","Action","Consume Shopify API",TRUE,"shopify.svg","output",FALSE
ğŸ“¤,"Slack","Data Destinations","Action","Consume Slack API",FALSE,"slack.svg","output",FALSE
ğŸ“¤,"Storyblok","Data Destinations","Action","Consume Storyblok API",TRUE,"storyblok.svg","output",FALSE
ğŸ“¤,"SyncroMSP","Data Destinations","Action","Manage contacts, tickets and more from Syncro MSP",FALSE,"syncromsp.png","output",FALSE
ğŸ“¤,"Telegram","Data Destinations","Action","Sends data to Telegram",TRUE,"telegram.svg","output",FALSE
ğŸ“¤,"Todoist","Data Destinations","Action","Consume Todoist API",FALSE,"todoist.svg","output",FALSE
ğŸ“¤,"TravisCI","Data Destinations","Action","Consume TravisCI API",TRUE,"travisci.png","output",FALSE
ğŸ“¤,"Uplead","Data Destinations","Action","Consume Uplead API",TRUE,"uplead.png","output",FALSE
ğŸ“¤,"uProc","Data Destinations","Action","Consume uProc API",TRUE,"uproc.png","output",FALSE
ğŸ“¤,"UptimeRobot","Data Destinations","Action","Consume UptimeRobot API",TRUE,"uptimerobot.svg","output",FALSE
ğŸ“¤,"Vero","Data Destinations","Action","Consume Vero API",TRUE,"vero.svg","output",FALSE
ğŸ“¤,"WhatsApp Business Cloud","Data Destinations","Action","Access WhatsApp API",FALSE,"whatsapp.svg","output",FALSE
ğŸ“¤,"WooCommerce","Data Destinations","Action","Consume WooCommerce API",TRUE,"wooCommerce.svg","output",FALSE
ğŸ“¤,"Wordpress","Data Destinations","Action","Consume Wordpress API",TRUE,"wordpress.svg","output",FALSE
ğŸ“¤,"Write Binary File","Data Destinations","Action","Writes a binary file to disk",FALSE,"fa:file-export","output",FALSE
ğŸ“¤,"X (Formerly Twitter)","Data Destinations","Action","Consume the X API",FALSE,"x.svg","output",FALSE
ğŸ“¤,"Xero","Data Destinations","Action","Consume Xero API",TRUE,"xero.svg","output",FALSE
ğŸ“¤,"Zendesk","Data Destinations","Action","Consume Zendesk API",TRUE,"zendesk.svg","output",FALSE
ğŸ“¤,"Zulip","Data Destinations","Action","Consume Zulip API",TRUE,"zulip.svg","output",FALSE
ğŸ—‚ï¸,"No Operation, do nothing","Flow Control","Action","No Operation",FALSE,"fa:arrow-right","organization",FALSE
ğŸ—‚ï¸,"Simulate","Flow Control","Action","Simulate a node",FALSE,"fa:arrow-right","organization",FALSE
ğŸ—‚ï¸,"Split In Batches","Flow Control","Action","Split data into batches and iterate over each batch",FALSE,"fa:th-large","organization",FALSE
ğŸ—‚ï¸,"Track Time Saved","Flow Control","Action","Dynamically track time saved based on the workflowâ€™s execution path and the number of items processed",FALSE,"fa:timer","organization",FALSE
ğŸ—‚ï¸,"Wait","Flow Control","Action","Wait before continue with execution",FALSE,"fa:pause-circle","organization",FALSE