Name,Category,Type,Description,Requires Auth,Icon,Tags
"ActiveCampaign Trigger","Triggers","Trigger","Handle ActiveCampaign events via webhooks",Yes,âš¡,"Triggers, Trigger, Auth Required"
"Acuity Scheduling Trigger","Triggers","Trigger","Handle Acuity Scheduling events via webhooks",Yes,âš¡,"Triggers, Trigger, Auth Required"
"Affinity Trigger","Triggers","Trigger","Handle Affinity events via webhooks",Yes,âš¡,"Triggers, Trigger, Auth Required"
"Airtable Trigger","Triggers","Trigger","Starts the workflow when Airtable events occur",Yes,âš¡,"Triggers, Trigger, Auth Required"
"AMQP Trigger","Triggers","Trigger","Listens to AMQP 1.0 Messages",Yes,âš¡,"Triggers, Trigger, Auth Required"
"Asana Trigger","Triggers","Trigger","Starts the workflow when Asana events occur.",Yes,âš¡,"Triggers, Trigger, Auth Required"
"Autopilot Trigger","Triggers","Trigger","Handle Autopilot events via webhooks",Yes,âš¡,"Triggers, Trigger, Auth Required"
"AWS SNS Trigger","Triggers","Trigger","Handle AWS SNS events via webhooks",No,âš¡,"Triggers, Trigger, No Auth"
"Bitbucket Trigger","Triggers","Trigger","Handle Bitbucket events via webhooks",Yes,âš¡,"Triggers, Trigger, Auth Required"
"Box Trigger","Triggers","Trigger","Starts the workflow when Box events occur",Yes,âš¡,"Triggers, Trigger, Auth Required"
"Brevo Trigger","Triggers","Trigger","Starts the workflow when Brevo events occur",Yes,âš¡,"Triggers, Trigger, Auth Required"
"Cal.com Trigger","Triggers","Trigger","Handle Cal.com events via webhooks",Yes,âš¡,"Triggers, Trigger, Auth Required"
"Calendly Trigger","Triggers","Trigger","Starts the workflow when Calendly events occur",Yes,âš¡,"Triggers, Trigger, Auth Required"
"Chargebee Trigger","Triggers","Trigger","Starts the workflow when Chargebee events occur",No,âš¡,"Triggers, Trigger, No Auth"
"ClickUp Trigger","Triggers","Trigger","Handle ClickUp events via webhooks (Beta)",Yes,âš¡,"Triggers, Trigger, Auth Required"
"Clockify Trigger","Triggers","Trigger","Listens to Clockify events",Yes,âš¡,"Triggers, Trigger, Auth Required"
"ConvertKit Trigger","Triggers","Trigger","Handle ConvertKit events via webhooks",Yes,âš¡,"Triggers, Trigger, Auth Required"
"Copper Trigger","Triggers","Trigger","Handle Copper events via webhooks",Yes,âš¡,"Triggers, Trigger, Auth Required"
"Cron","Triggers","Trigger","Triggers the workflow at a specific time",No,âš¡,"Triggers, Trigger, No Auth"
"Customer.io Trigger","Triggers","Trigger","Starts the workflow on a Customer.io update (Beta)",Yes,âš¡,"Triggers, Trigger, Auth Required"
"Email Trigger (IMAP)","Triggers","Trigger","Triggers the workflow when a new email is received",No,âš¡,"Triggers, Trigger, No Auth"
"Emelia Trigger","Triggers","Trigger","Handle Emelia campaign activity events via webhooks",Yes,âš¡,"Triggers, Trigger, Auth Required"
"Error Trigger","Triggers","Trigger","Triggers the workflow when another workflow has an error",No,âš¡,"Triggers, Trigger, No Auth"
"Eventbrite Trigger","Triggers","Trigger","Handle Eventbrite events via webhooks",Yes,âš¡,"Triggers, Trigger, Auth Required"
"Execute Workflow Trigger","Triggers","Trigger","Helpers for calling other n8n workflows. Used for designing modular, microservice-like workflows.",No,âš¡,"Triggers, Trigger, No Auth"
"Facebook Lead Ads Trigger","Triggers","Trigger","Handle Facebook Lead Ads events via webhooks",Yes,âš¡,"Triggers, Trigger, Auth Required"
"Facebook Trigger","Triggers","Trigger","Starts the workflow when Facebook events occur",Yes,âš¡,"Triggers, Trigger, Auth Required"
"Figma Trigger (Beta)","Triggers","Trigger","Starts the workflow when Figma events occur",Yes,âš¡,"Triggers, Trigger, Auth Required"
"Flow Trigger","Triggers","Trigger","Handle Flow events via webhooks",Yes,âš¡,"Triggers, Trigger, Auth Required"
"Form.io Trigger","Triggers","Trigger","Handle form.io events via webhooks",Yes,âš¡,"Triggers, Trigger, Auth Required"
"Formstack Trigger","Triggers","Trigger","Starts the workflow on a Formstack form submission.",Yes,âš¡,"Triggers, Trigger, Auth Required"
"GetResponse Trigger","Triggers","Trigger","Starts the workflow when GetResponse events occur",Yes,âš¡,"Triggers, Trigger, Auth Required"
"Github Trigger","Triggers","Trigger","Starts the workflow when Github events occur",Yes,âš¡,"Triggers, Trigger, Auth Required"
"GitLab Trigger","Triggers","Trigger","Starts the workflow when GitLab events occur",Yes,âš¡,"Triggers, Trigger, Auth Required"
"Gmail Trigger","Triggers","Trigger","Fetches emails from Gmail and starts the workflow on specified polling intervals.",Yes,âš¡,"Triggers, Trigger, Auth Required"
"Google Business Profile Trigger","Triggers","Trigger","Fetches reviews from Google Business Profile and starts the workflow on specified polling intervals.",Yes,âš¡,"Triggers, Trigger, Auth Required"
"Google Calendar Trigger","Triggers","Trigger","Starts the workflow when Google Calendar events occur",Yes,âš¡,"Triggers, Trigger, Auth Required"
"Google Drive Trigger","Triggers","Trigger","Starts the workflow when Google Drive events occur",Yes,âš¡,"Triggers, Trigger, Auth Required"
"Google Sheets Trigger","Triggers","Trigger","Starts the workflow when Google Sheets events occur",Yes,âš¡,"Triggers, Trigger, Auth Required"
"Gumroad Trigger","Triggers","Trigger","Handle Gumroad events via webhooks",Yes,âš¡,"Triggers, Trigger, Auth Required"
"Help Scout Trigger","Triggers","Trigger","Starts the workflow when Help Scout events occur",Yes,âš¡,"Triggers, Trigger, Auth Required"
"HubSpot Trigger","Triggers","Trigger","Starts the workflow when HubSpot events occur",Yes,âš¡,"Triggers, Trigger, Auth Required"
"Interval","Triggers","Trigger","Triggers the workflow in a given interval",No,âš¡,"Triggers, Trigger, No Auth"
"Invoice Ninja Trigger","Triggers","Trigger","Starts the workflow when Invoice Ninja events occur",Yes,âš¡,"Triggers, Trigger, Auth Required"
"Jira Trigger","Triggers","Trigger","Starts the workflow when Jira events occur",Yes,âš¡,"Triggers, Trigger, Auth Required"
"Jotform Trigger","Triggers","Trigger","Handle Jotform events via webhooks",Yes,âš¡,"Triggers, Trigger, Auth Required"
"Kafka Trigger","Triggers","Trigger","Consume messages from a Kafka topic",Yes,âš¡,"Triggers, Trigger, Auth Required"
"Keap Trigger","Triggers","Trigger","Starts the workflow when Infusionsoft events occur",Yes,âš¡,"Triggers, Trigger, Auth Required"
"KoBoToolbox Trigger","Triggers","Trigger","Process KoBoToolbox submissions",Yes,âš¡,"Triggers, Trigger, Auth Required"
"Lemlist Trigger","Triggers","Trigger","Handle Lemlist events via webhooks",Yes,âš¡,"Triggers, Trigger, Auth Required"
"Linear Trigger","Triggers","Trigger","Starts the workflow when Linear events occur",Yes,âš¡,"Triggers, Trigger, Auth Required"
"Local File Trigger","Triggers","Trigger","Triggers a workflow on file system changes",No,âš¡,"Triggers, Trigger, No Auth"
"LoneScale Trigger","Triggers","Trigger","Trigger LoneScale Workflow",Yes,âš¡,"Triggers, Trigger, Auth Required"
"Mailchimp Trigger","Triggers","Trigger","Handle Mailchimp events via webhooks",Yes,âš¡,"Triggers, Trigger, Auth Required"
"MailerLite Trigger","Triggers","Trigger","Starts the workflow when MailerLite events occur",No,âš¡,"Triggers, Trigger, No Auth"
"Mailjet Trigger","Triggers","Trigger","Handle Mailjet events via webhooks",Yes,âš¡,"Triggers, Trigger, Auth Required"
"Manual Trigger","Triggers","Trigger","Runs the flow on clicking a button in n8n",No,âš¡,"Triggers, Trigger, No Auth"
"Mautic Trigger","Triggers","Trigger","Handle Mautic events via webhooks",Yes,âš¡,"Triggers, Trigger, Auth Required"
"Microsoft OneDrive Trigger","Triggers","Trigger","Trigger for Microsoft OneDrive API.",Yes,âš¡,"Triggers, Trigger, Auth Required"
"Microsoft Outlook Trigger","Triggers","Trigger","Fetches emails from Microsoft Outlook and starts the workflow on specified polling intervals.",Yes,âš¡,"Triggers, Trigger, Auth Required"
"Microsoft Teams Trigger","Triggers","Trigger","Triggers workflows in n8n based on events from Microsoft Teams, such as new messages or team updates, using specified configurations.",Yes,âš¡,"Triggers, Trigger, Auth Required"
"MQTT Trigger","Triggers","Trigger","Listens to MQTT events",Yes,âš¡,"Triggers, Trigger, Auth Required"
"n8n Form Trigger","Triggers","Trigger","Generate webforms in n8n and pass their responses to the workflow",No,âš¡,"Triggers, Trigger, No Auth"
"n8n Trigger","Triggers","Trigger","Handle events and perform actions on your n8n instance",No,âš¡,"Triggers, Trigger, No Auth"
"Netlify Trigger","Triggers","Trigger","Handle netlify events via webhooks",Yes,âš¡,"Triggers, Trigger, Auth Required"
"Notion Trigger","Triggers","Trigger","Starts the workflow when Notion events occur",Yes,âš¡,"Triggers, Trigger, Auth Required"
"Onfleet Trigger","Triggers","Trigger","Starts the workflow when Onfleet events occur",Yes,âš¡,"Triggers, Trigger, Auth Required"
"PayPal Trigger","Triggers","Trigger","Handle PayPal events via webhooks",Yes,âš¡,"Triggers, Trigger, Auth Required"
"Pipedrive Trigger","Triggers","Trigger","Starts the workflow when Pipedrive events occur",Yes,âš¡,"Triggers, Trigger, Auth Required"
"Postgres Trigger","Triggers","Trigger","Listens to Postgres messages",Yes,âš¡,"Triggers, Trigger, Auth Required"
"Postmark Trigger","Triggers","Trigger","Starts the workflow when Postmark events occur",Yes,âš¡,"Triggers, Trigger, Auth Required"
"Pushcut Trigger","Triggers","Trigger","Starts the workflow when Pushcut events occur",Yes,âš¡,"Triggers, Trigger, Auth Required"
"RabbitMQ Trigger","Triggers","Trigger","Listens to RabbitMQ messages",Yes,âš¡,"Triggers, Trigger, Auth Required"
"Redis Trigger","Triggers","Trigger","Subscribe to redis channel",Yes,âš¡,"Triggers, Trigger, Auth Required"
"RSS Feed Trigger","Triggers","Trigger","Starts a workflow when an RSS feed is updated",No,âš¡,"Triggers, Trigger, No Auth"
"Salesforce Trigger","Triggers","Trigger","Fetches data from Salesforce and starts the workflow on specified polling intervals.",Yes,âš¡,"Triggers, Trigger, Auth Required"
"Schedule Trigger","Triggers","Trigger","Triggers the workflow on a given schedule",No,âš¡,"Triggers, Trigger, No Auth"
"SeaTable Trigger","Triggers","Trigger","Starts the workflow when SeaTable events occur",No,âš¡,"Triggers, Trigger, No Auth"
"Shopify Trigger","Triggers","Trigger","Handle Shopify events via webhooks",Yes,âš¡,"Triggers, Trigger, Auth Required"
"Simulate Trigger","Triggers","Trigger","Simulate a trigger node",No,âš¡,"Triggers, Trigger, No Auth"
"Slack Trigger","Triggers","Trigger","Handle Slack events via webhooks",Yes,âš¡,"Triggers, Trigger, Auth Required"
"SSE Trigger","Triggers","Trigger","Triggers the workflow when Server-Sent Events occur",No,âš¡,"Triggers, Trigger, No Auth"
"Strava Trigger","Triggers","Trigger","Starts the workflow when Strava events occur",Yes,âš¡,"Triggers, Trigger, Auth Required"
"Stripe Trigger","Triggers","Trigger","Handle Stripe events via webhooks",Yes,âš¡,"Triggers, Trigger, Auth Required"
"SurveyMonkey Trigger","Triggers","Trigger","Starts the workflow when Survey Monkey events occur",Yes,âš¡,"Triggers, Trigger, Auth Required"
"Taiga Trigger","Triggers","Trigger","Handle Taiga events via webhook",Yes,âš¡,"Triggers, Trigger, Auth Required"
"Telegram Trigger","Triggers","Trigger","Starts the workflow on a Telegram update",Yes,âš¡,"Triggers, Trigger, Auth Required"
"TheHive 5 Trigger","Triggers","Trigger","Starts the workflow when TheHive events occur",No,âš¡,"Triggers, Trigger, No Auth"
"TheHive Trigger","Triggers","Trigger","Starts the workflow when TheHive events occur",No,âš¡,"Triggers, Trigger, No Auth"
"Toggl Trigger","Triggers","Trigger","Starts the workflow when Toggl events occur",Yes,âš¡,"Triggers, Trigger, Auth Required"
"Trello Trigger","Triggers","Trigger","Starts the workflow when Trello events occur",Yes,âš¡,"Triggers, Trigger, Auth Required"
"Twilio Trigger","Triggers","Trigger","Starts the workflow on a Twilio update",Yes,âš¡,"Triggers, Trigger, Auth Required"
"Typeform Trigger","Triggers","Trigger","Starts the workflow on a Typeform form submission",Yes,âš¡,"Triggers, Trigger, Auth Required"
"Venafi TLS Protect Cloud Trigger","Triggers","Trigger","Starts the workflow when Venafi events occur",Yes,âš¡,"Triggers, Trigger, Auth Required"
"Venafi TLS Protect Datacenter Trigger","Triggers","Trigger","Starts the workflow when Venafi events occur",Yes,âš¡,"Triggers, Trigger, Auth Required"
"Webex by Cisco Trigger","Triggers","Trigger","Starts the workflow when Cisco Webex events occur.",Yes,âš¡,"Triggers, Trigger, Auth Required"
"Webflow Trigger","Triggers","Trigger","Handle Webflow events via webhooks",No,âš¡,"Triggers, Trigger, No Auth"
"Webhook","Triggers","Trigger","Starts the workflow when a webhook is called",No,âš¡,"Triggers, Trigger, No Auth"
"WhatsApp Trigger","Triggers","Trigger","Handle WhatsApp events via webhooks",Yes,âš¡,"Triggers, Trigger, Auth Required"
"Wise Trigger","Triggers","Trigger","Handle Wise events via webhooks",Yes,âš¡,"Triggers, Trigger, Auth Required"
"WooCommerce Trigger","Triggers","Trigger","Handle WooCommerce events via webhooks",Yes,âš¡,"Triggers, Trigger, Auth Required"
"Workable Trigger","Triggers","Trigger","Starts the workflow when Workable events occur",Yes,âš¡,"Triggers, Trigger, Auth Required"
"Workflow Trigger","Triggers","Trigger","Triggers based on various lifecycle events, like when a workflow is activated",No,âš¡,"Triggers, Trigger, No Auth"
"Wufoo Trigger","Triggers","Trigger","Handle Wufoo events via webhooks",Yes,âš¡,"Triggers, Trigger, Auth Required"
"Zendesk Trigger","Triggers","Trigger","Handle Zendesk events via webhooks",Yes,âš¡,"Triggers, Trigger, Auth Required"
"Action Network","Data Transformation","Action","Consume the Action Network API",Yes,ðŸ”„,"Data Transformation, Action, Auth Required"
"ActiveCampaign","Data Transformation","Action","Create and edit data in ActiveCampaign",Yes,ðŸ”„,"Data Transformation, Action, Auth Required"
"Adalo","Data Transformation","Action","Consume Adalo API",Yes,ðŸ”„,"Data Transformation, Action, Auth Required"
"Aggregate","Data Transformation","Action","Combine a field from many items into a list in a single item",No,ðŸ”„,"Data Transformation, Action, No Auth"
"Agile CRM","Data Transformation","Action","Consume Agile CRM API",Yes,ðŸ”„,"Data Transformation, Action, Auth Required"
"AI Transform","Data Transformation","Action","Modify data based on instructions written in plain english",No,ðŸ”„,"Data Transformation, Action, No Auth"
"Airtop","Data Transformation","Action","Scrape and control any site with Airtop",Yes,ðŸ”„,"Data Transformation, Action, Auth Required"
"AMQP Sender","Data Transformation","Action","Sends a raw-message via AMQP 1.0, executed once per item",Yes,ðŸ”„,"Data Transformation, Action, Auth Required"
"APITemplate.io","Data Transformation","Action","Consume the APITemplate.io API",Yes,ðŸ”„,"Data Transformation, Action, Auth Required"
"AWS DynamoDB","Data Transformation","Action","Consume the AWS DynamoDB API",No,ðŸ”„,"Data Transformation, Action, No Auth"
"Azure Cosmos DB","Data Transformation","Action","Interact with Azure Cosmos DB API",Yes,ðŸ”„,"Data Transformation, Action, Auth Required"
"Azure Storage","Data Transformation","Action","Interact with Azure Storage API",Yes,ðŸ”„,"Data Transformation, Action, Auth Required"
"BambooHr","Data Transformation","Action","Consume BambooHR API",Yes,ðŸ”„,"Data Transformation, Action, Auth Required"
"Bitwarden","Data Transformation","Action","Consume the Bitwarden API",Yes,ðŸ”„,"Data Transformation, Action, Auth Required"
"Brevo","Data Transformation","Action","Consume Brevo API",Yes,ðŸ”„,"Data Transformation, Action, Auth Required"
"Bubble","Data Transformation","Action","Consume the Bubble Data API",Yes,ðŸ”„,"Data Transformation, Action, Auth Required"
"Clockify","Data Transformation","Action","Consume Clockify REST API",Yes,ðŸ”„,"Data Transformation, Action, Auth Required"
"Code","Data Transformation","Action","Run custom JavaScript or Python code",No,ðŸ”„,"Data Transformation, Action, No Auth"
"Compare Datasets","Data Transformation","Action","Compare two inputs for changes",No,ðŸ”„,"Data Transformation, Action, No Auth"
"Compression","Data Transformation","Action","Compress and decompress files",No,ðŸ”„,"Data Transformation, Action, No Auth"
"Convert to/from binary data","Data Transformation","Action","Move data between binary and JSON properties",No,ðŸ”„,"Data Transformation, Action, No Auth"
"Copper","Data Transformation","Action","Consume the Copper API",Yes,ðŸ”„,"Data Transformation, Action, Auth Required"
"Cortex","Data Transformation","Action","Apply the Cortex analyzer/responder on the given entity",Yes,ðŸ”„,"Data Transformation, Action, Auth Required"
"Crypto","Data Transformation","Action","Provide cryptographic utilities",No,ðŸ”„,"Data Transformation, Action, No Auth"
"Customer Datastore (n8n training)","Data Transformation","Action","Dummy node used for n8n training",No,ðŸ”„,"Data Transformation, Action, No Auth"
"Customer Messenger (n8n training)","Data Transformation","Action","Dummy node used for n8n training",No,ðŸ”„,"Data Transformation, Action, No Auth"
"Date & Time","Data Transformation","Action","Allows you to manipulate date and time values",No,ðŸ”„,"Data Transformation, Action, No Auth"
"Dropcontact","Data Transformation","Action","Find B2B emails and enrich contacts",Yes,ðŸ”„,"Data Transformation, Action, Auth Required"
"Edit Image","Data Transformation","Action","Edits an image like blur, resize or adding border and text",No,ðŸ”„,"Data Transformation, Action, No Auth"
"Elastic Security","Data Transformation","Action","Consume the Elastic Security API",Yes,ðŸ”„,"Data Transformation, Action, Auth Required"
"Elasticsearch","Data Transformation","Action","Consume the Elasticsearch API",Yes,ðŸ”„,"Data Transformation, Action, Auth Required"
"Execute Command","Data Transformation","Action","Executes a command on the host",No,ðŸ”„,"Data Transformation, Action, No Auth"
"Execute Sub-workflow","Data Transformation","Action","Execute another workflow",No,ðŸ”„,"Data Transformation, Action, No Auth"
"Facebook Graph API","Data Transformation","Action","Interacts with Facebook using the Graph API",Yes,ðŸ”„,"Data Transformation, Action, Auth Required"
"Filter","Data Transformation","Action","Remove items matching a condition",No,ðŸ”„,"Data Transformation, Action, No Auth"
"Freshservice","Data Transformation","Action","Consume the Freshservice API",Yes,ðŸ”„,"Data Transformation, Action, Auth Required"
"Freshworks CRM","Data Transformation","Action","Consume the Freshworks CRM API",Yes,ðŸ”„,"Data Transformation, Action, Auth Required"
"Function","Data Transformation","Action","Run custom function code which gets executed once and allows you to add, remove, change and replace items",No,ðŸ”„,"Data Transformation, Action, No Auth"
"Function Item","Data Transformation","Action","Run custom function code which gets executed once per item",No,ðŸ”„,"Data Transformation, Action, No Auth"
"Git","Data Transformation","Action","Control git.",Yes,ðŸ”„,"Data Transformation, Action, Auth Required"
"Gmail","Data Transformation","Action","Consume the Gmail API",No,ðŸ”„,"Data Transformation, Action, No Auth"
"Gong","Data Transformation","Action","Interact with Gong API",Yes,ðŸ”„,"Data Transformation, Action, Auth Required"
"Google Ads","Data Transformation","Action","Use the Google Ads API",Yes,ðŸ”„,"Data Transformation, Action, Auth Required"
"Google Analytics","Data Transformation","Action","Use the Google Analytics API",No,ðŸ”„,"Data Transformation, Action, No Auth"
"Google Cloud Storage","Data Transformation","Action","Use the Google Cloud Storage API",Yes,ðŸ”„,"Data Transformation, Action, Auth Required"
"Google Perspective","Data Transformation","Action","Consume Google Perspective API",Yes,ðŸ”„,"Data Transformation, Action, Auth Required"
"GoToWebinar","Data Transformation","Action","Consume the GoToWebinar API",Yes,ðŸ”„,"Data Transformation, Action, Auth Required"
"Grafana","Data Transformation","Action","Consume the Grafana API",Yes,ðŸ”„,"Data Transformation, Action, Auth Required"
"Hacker News","Data Transformation","Action","Consume Hacker News API",No,ðŸ”„,"Data Transformation, Action, No Auth"
"HighLevel","Data Transformation","Action","Consume HighLevel API",No,ðŸ”„,"Data Transformation, Action, No Auth"
"HTML","Data Transformation","Action","Work with HTML",No,ðŸ”„,"Data Transformation, Action, No Auth"
"HTML Extract","Data Transformation","Action","Extracts data from HTML",No,ðŸ”„,"Data Transformation, Action, No Auth"
"If","Data Transformation","Action","Route items to different branches (true/false)",No,ðŸ”„,"Data Transformation, Action, No Auth"
"Jina AI","Data Transformation","Action","Interact with Jina AI API",Yes,ðŸ”„,"Data Transformation, Action, Auth Required"
"JWT","Data Transformation","Action","JWT",Yes,ðŸ”„,"Data Transformation, Action, Auth Required"
"Kafka","Data Transformation","Action","Sends messages to a Kafka topic",Yes,ðŸ”„,"Data Transformation, Action, Auth Required"
"KoBoToolbox","Data Transformation","Action","Work with KoBoToolbox forms and submissions",Yes,ðŸ”„,"Data Transformation, Action, Auth Required"
"Ldap","Data Transformation","Action","Interact with LDAP servers",Yes,ðŸ”„,"Data Transformation, Action, Auth Required"
"Lemlist","Data Transformation","Action","Consume the Lemlist API",No,ðŸ”„,"Data Transformation, Action, No Auth"
"Limit","Data Transformation","Action","Restrict the number of items",No,ðŸ”„,"Data Transformation, Action, No Auth"
"LoneScale","Data Transformation","Action","Create List, add / delete items",Yes,ðŸ”„,"Data Transformation, Action, Auth Required"
"Mailcheck","Data Transformation","Action","Consume Mailcheck API",Yes,ðŸ”„,"Data Transformation, Action, Auth Required"
"Marketstack","Data Transformation","Action","Consume Marketstack API",Yes,ðŸ”„,"Data Transformation, Action, Auth Required"
"Merge","Data Transformation","Action","Merges data of multiple streams once data from both is available",No,ðŸ”„,"Data Transformation, Action, No Auth"
"Metabase","Data Transformation","Action","Use the Metabase API",Yes,ðŸ”„,"Data Transformation, Action, Auth Required"
"Microsoft Entra ID","Data Transformation","Action","Interact with Microsoft Entra ID API",Yes,ðŸ”„,"Data Transformation, Action, Auth Required"
"Microsoft Graph Security","Data Transformation","Action","Consume the Microsoft Graph Security API",Yes,ðŸ”„,"Data Transformation, Action, Auth Required"
"Microsoft Outlook","Data Transformation","Action","Consume Microsoft Outlook API",No,ðŸ”„,"Data Transformation, Action, No Auth"
"Microsoft SharePoint","Data Transformation","Action","Interact with Microsoft SharePoint API",Yes,ðŸ”„,"Data Transformation, Action, Auth Required"
"MISP","Data Transformation","Action","Consume the MISP API",Yes,ðŸ”„,"Data Transformation, Action, Auth Required"
"Mistral AI","Data Transformation","Action","Consume Mistral AI API",Yes,ðŸ”„,"Data Transformation, Action, Auth Required"
"Mocean","Data Transformation","Action","Send SMS and voice messages via Mocean",Yes,ðŸ”„,"Data Transformation, Action, Auth Required"
"Monica CRM","Data Transformation","Action","Consume the Monica CRM API",Yes,ðŸ”„,"Data Transformation, Action, Auth Required"
"MSG91","Data Transformation","Action","Sends transactional SMS via MSG91",Yes,ðŸ”„,"Data Transformation, Action, Auth Required"
"n8n","Data Transformation","Action","Handle events and perform actions on your n8n instance",Yes,ðŸ”„,"Data Transformation, Action, Auth Required"
"NASA","Data Transformation","Action","Retrieve data from the NASA API",Yes,ðŸ”„,"Data Transformation, Action, Auth Required"
"Netlify","Data Transformation","Action","Consume Netlify API",Yes,ðŸ”„,"Data Transformation, Action, Auth Required"
"Odoo","Data Transformation","Action","Consume Odoo API",Yes,ðŸ”„,"Data Transformation, Action, Auth Required"
"Okta","Data Transformation","Action","Use the Okta API",Yes,ðŸ”„,"Data Transformation, Action, Auth Required"
"One Simple API","Data Transformation","Action","A toolbox of no-code utilities",Yes,ðŸ”„,"Data Transformation, Action, Auth Required"
"OpenAI","Data Transformation","Action","Consume Open AI",Yes,ðŸ”„,"Data Transformation, Action, Auth Required"
"Perplexity","Data Transformation","Action","Interact with the Perplexity API to generate AI responses with citations",Yes,ðŸ”„,"Data Transformation, Action, Auth Required"
"Pipedrive","Data Transformation","Action","Create and edit data in Pipedrive",Yes,ðŸ”„,"Data Transformation, Action, Auth Required"
"Plivo","Data Transformation","Action","Send SMS/MMS messages or make phone calls",Yes,ðŸ”„,"Data Transformation, Action, Auth Required"
"PostBin","Data Transformation","Action","Consume PostBin API",No,ðŸ”„,"Data Transformation, Action, No Auth"
"QuickBooks Online","Data Transformation","Action","Consume the QuickBooks Online API",Yes,ðŸ”„,"Data Transformation, Action, Auth Required"
"RabbitMQ","Data Transformation","Action","Sends messages to a RabbitMQ topic",Yes,ðŸ”„,"Data Transformation, Action, Auth Required"
"Raindrop","Data Transformation","Action","Consume the Raindrop API",Yes,ðŸ”„,"Data Transformation, Action, Auth Required"
"Reddit","Data Transformation","Action","Consume the Reddit API",Yes,ðŸ”„,"Data Transformation, Action, Auth Required"
"Remove Duplicates","Data Transformation","Action","Delete items with matching field values",No,ðŸ”„,"Data Transformation, Action, No Auth"
"Rename Keys","Data Transformation","Action","Update item field names",No,ðŸ”„,"Data Transformation, Action, No Auth"
"Respond to Webhook","Data Transformation","Action","Returns data for Webhook",Yes,ðŸ”„,"Data Transformation, Action, Auth Required"
"Rundeck","Data Transformation","Action","Manage Rundeck API",Yes,ðŸ”„,"Data Transformation, Action, Auth Required"
"SecurityScorecard","Data Transformation","Action","Consume SecurityScorecard API",Yes,ðŸ”„,"Data Transformation, Action, Auth Required"
"SendGrid","Data Transformation","Action","Consume SendGrid API",Yes,ðŸ”„,"Data Transformation, Action, Auth Required"
"seven","Data Transformation","Action","Send SMS and make text-to-speech calls",Yes,ðŸ”„,"Data Transformation, Action, Auth Required"
"SIGNL4","Data Transformation","Action","Consume SIGNL4 API",Yes,ðŸ”„,"Data Transformation, Action, Auth Required"
"Sort","Data Transformation","Action","Change items order",No,ðŸ”„,"Data Transformation, Action, No Auth"
"Split Out","Data Transformation","Action","Turn a list inside item(s) into separate items",No,ðŸ”„,"Data Transformation, Action, No Auth"
"Splunk","Data Transformation","Action","Consume the Splunk Enterprise API",No,ðŸ”„,"Data Transformation, Action, No Auth"
"Spreadsheet File","Data Transformation","Action","Reads and writes data from a spreadsheet file like CSV, XLS, ODS, etc",No,ðŸ”„,"Data Transformation, Action, No Auth"
"Stackby","Data Transformation","Action","Read, write, and delete data in Stackby",Yes,ðŸ”„,"Data Transformation, Action, Auth Required"
"Stripe","Data Transformation","Action","Consume the Stripe API",Yes,ðŸ”„,"Data Transformation, Action, Auth Required"
"Summarize","Data Transformation","Action","Sum, count, max, etc. across items",No,ðŸ”„,"Data Transformation, Action, No Auth"
"Switch","Data Transformation","Action","Route items depending on defined expression or rules",No,ðŸ”„,"Data Transformation, Action, No Auth"
"Taiga","Data Transformation","Action","Consume Taiga API",Yes,ðŸ”„,"Data Transformation, Action, Auth Required"
"Tapfiliate","Data Transformation","Action","Consume Tapfiliate API",Yes,ðŸ”„,"Data Transformation, Action, Auth Required"
"TheHive","Data Transformation","Action","Consume TheHive API",Yes,ðŸ”„,"Data Transformation, Action, Auth Required"
"TheHive 5","Data Transformation","Action","Consume TheHive 5 API",Yes,ðŸ”„,"Data Transformation, Action, Auth Required"
"TOTP","Data Transformation","Action","Generate a time-based one-time password",Yes,ðŸ”„,"Data Transformation, Action, Auth Required"
"Trello","Data Transformation","Action","Create, change and delete boards and cards",Yes,ðŸ”„,"Data Transformation, Action, Auth Required"
"Twake","Data Transformation","Action","Consume Twake API",Yes,ðŸ”„,"Data Transformation, Action, Auth Required"
"Twilio","Data Transformation","Action","Send SMS and WhatsApp messages or make phone calls",Yes,ðŸ”„,"Data Transformation, Action, Auth Required"
"Unleashed Software","Data Transformation","Action","Consume Unleashed Software API",Yes,ðŸ”„,"Data Transformation, Action, Auth Required"
"urlscan.io","Data Transformation","Action","Provides various utilities for monitoring websites like health checks or screenshots",Yes,ðŸ”„,"Data Transformation, Action, Auth Required"
"Webex by Cisco","Data Transformation","Action","Consume the Cisco Webex API",Yes,ðŸ”„,"Data Transformation, Action, Auth Required"
"Webflow","Data Transformation","Action","Consume the Webflow API",No,ðŸ”„,"Data Transformation, Action, No Auth"
"Wekan","Data Transformation","Action","Consume Wekan API",Yes,ðŸ”„,"Data Transformation, Action, Auth Required"
"Wise","Data Transformation","Action","Consume the Wise API",Yes,ðŸ”„,"Data Transformation, Action, Auth Required"
"XML","Data Transformation","Action","Convert data from and to XML",No,ðŸ”„,"Data Transformation, Action, No Auth"
"Zoho CRM","Data Transformation","Action","Consume Zoho CRM API",Yes,ðŸ”„,"Data Transformation, Action, Auth Required"
"Airtable","Data Sources","Action","Read, update, write and delete data from Airtable",No,ðŸ“¥,"Data Sources, Action, No Auth"
"Asana","Data Sources","Action","Consume Asana REST API",Yes,ðŸ“¥,"Data Sources, Action, Auth Required"
"Autopilot","Data Sources","Action","Consume Autopilot API",Yes,ðŸ“¥,"Data Sources, Action, Auth Required"
"Box","Data Sources","Action","Consume Box API",Yes,ðŸ“¥,"Data Sources, Action, Auth Required"
"Chargebee","Data Sources","Action","Retrieve data from Chargebee API",Yes,ðŸ“¥,"Data Sources, Action, Auth Required"
"Cloudflare","Data Sources","Action","Consume Cloudflare API",Yes,ðŸ“¥,"Data Sources, Action, Auth Required"
"Contentful","Data Sources","Action","Consume Contentful API",Yes,ðŸ“¥,"Data Sources, Action, Auth Required"
"Convert to File","Data Sources","Action","Convert JSON data to binary data",No,ðŸ“¥,"Data Sources, Action, No Auth"
"ConvertKit","Data Sources","Action","Consume ConvertKit API",Yes,ðŸ“¥,"Data Sources, Action, Auth Required"
"CrateDB","Data Sources","Action","Add and update data in CrateDB",Yes,ðŸ“¥,"Data Sources, Action, Auth Required"
"Data table","Data Sources","Action","Permanently save data across workflow executions in a table",No,ðŸ“¥,"Data Sources, Action, No Auth"
"DeepL","Data Sources","Action","Translate data using DeepL",Yes,ðŸ“¥,"Data Sources, Action, Auth Required"
"DHL","Data Sources","Action","Consume DHL API",Yes,ðŸ“¥,"Data Sources, Action, Auth Required"
"Discourse","Data Sources","Action","Consume Discourse API",Yes,ðŸ“¥,"Data Sources, Action, Auth Required"
"Disqus","Data Sources","Action","Access data on Disqus",Yes,ðŸ“¥,"Data Sources, Action, Auth Required"
"Dropbox","Data Sources","Action","Access data on Dropbox",Yes,ðŸ“¥,"Data Sources, Action, Auth Required"
"Emelia","Data Sources","Action","Consume the Emelia API",Yes,ðŸ“¥,"Data Sources, Action, Auth Required"
"Execution Data","Data Sources","Action","Add execution data for search",No,ðŸ“¥,"Data Sources, Action, No Auth"
"Extract from File","Data Sources","Action","Convert binary data to JSON",No,ðŸ“¥,"Data Sources, Action, No Auth"
"FileMaker","Data Sources","Action","Retrieve data from the FileMaker data API",Yes,ðŸ“¥,"Data Sources, Action, Auth Required"
"FTP","Data Sources","Action","Transfer files via FTP or SFTP",Yes,ðŸ“¥,"Data Sources, Action, Auth Required"
"GetResponse","Data Sources","Action","Consume GetResponse API",Yes,ðŸ“¥,"Data Sources, Action, Auth Required"
"Ghost","Data Sources","Action","Consume Ghost API",Yes,ðŸ“¥,"Data Sources, Action, Auth Required"
"GitHub","Data Sources","Action","Consume GitHub API",Yes,ðŸ“¥,"Data Sources, Action, Auth Required"
"GitLab","Data Sources","Action","Retrieve data from GitLab API",Yes,ðŸ“¥,"Data Sources, Action, Auth Required"
"Google BigQuery","Data Sources","Action","Consume Google BigQuery API",No,ðŸ“¥,"Data Sources, Action, No Auth"
"Google Books","Data Sources","Action","Read data from Google Books",Yes,ðŸ“¥,"Data Sources, Action, Auth Required"
"Google Business Profile","Data Sources","Action","Consume Google Business Profile API",Yes,ðŸ“¥,"Data Sources, Action, Auth Required"
"Google Calendar","Data Sources","Action","Consume Google Calendar API",Yes,ðŸ“¥,"Data Sources, Action, Auth Required"
"Google Chat","Data Sources","Action","Consume Google Chat API",Yes,ðŸ“¥,"Data Sources, Action, Auth Required"
"Google Cloud Firestore","Data Sources","Action","Interact with Google Firebase - Cloud Firestore API",Yes,ðŸ“¥,"Data Sources, Action, Auth Required"
"Google Cloud Natural Language","Data Sources","Action","Consume Google Cloud Natural Language API",Yes,ðŸ“¥,"Data Sources, Action, Auth Required"
"Google Cloud Realtime Database","Data Sources","Action","Interact with Google Firebase - Realtime Database API",Yes,ðŸ“¥,"Data Sources, Action, Auth Required"
"Google Contacts","Data Sources","Action","Consume Google Contacts API",Yes,ðŸ“¥,"Data Sources, Action, Auth Required"
"Google Docs","Data Sources","Action","Consume Google Docs API.",Yes,ðŸ“¥,"Data Sources, Action, Auth Required"
"Google Drive","Data Sources","Action","Access data on Google Drive",No,ðŸ“¥,"Data Sources, Action, No Auth"
"Google Sheets","Data Sources","Action","Read, update and write data to Google Sheets",No,ðŸ“¥,"Data Sources, Action, No Auth"
"Google Slides","Data Sources","Action","Consume the Google Slides API",Yes,ðŸ“¥,"Data Sources, Action, Auth Required"
"Google Tasks","Data Sources","Action","Consume Google Tasks API",Yes,ðŸ“¥,"Data Sources, Action, Auth Required"
"Google Translate","Data Sources","Action","Translate data using Google Translate",Yes,ðŸ“¥,"Data Sources, Action, Auth Required"
"Google Workspace Admin","Data Sources","Action","Consume Google Workspace Admin API",Yes,ðŸ“¥,"Data Sources, Action, Auth Required"
"Gotify","Data Sources","Action","Consume Gotify API",Yes,ðŸ“¥,"Data Sources, Action, Auth Required"
"GraphQL","Data Sources","Action","Makes a GraphQL request and returns the received data",Yes,ðŸ“¥,"Data Sources, Action, Auth Required"
"Grist","Data Sources","Action","Consume the Grist API",Yes,ðŸ“¥,"Data Sources, Action, Auth Required"
"HaloPSA","Data Sources","Action","Consume HaloPSA API",Yes,ðŸ“¥,"Data Sources, Action, Auth Required"
"Harvest","Data Sources","Action","Access data on Harvest",Yes,ðŸ“¥,"Data Sources, Action, Auth Required"
"Help Scout","Data Sources","Action","Consume Help Scout API",Yes,ðŸ“¥,"Data Sources, Action, Auth Required"
"iCalendar","Data Sources","Action","Create iCalendar file",No,ðŸ“¥,"Data Sources, Action, No Auth"
"Item Lists","Data Sources","Action","Helper for working with lists of items and transforming arrays",No,ðŸ“¥,"Data Sources, Action, No Auth"
"Iterable","Data Sources","Action","Consume Iterable API",Yes,ðŸ“¥,"Data Sources, Action, Auth Required"
"Keap","Data Sources","Action","Consume Keap API",Yes,ðŸ“¥,"Data Sources, Action, Auth Required"
"Line","Data Sources","Action","Consume Line API",Yes,ðŸ“¥,"Data Sources, Action, Auth Required"
"LinkedIn","Data Sources","Action","Consume LinkedIn API",Yes,ðŸ“¥,"Data Sources, Action, Auth Required"
"Magento 2","Data Sources","Action","Consume Magento API",Yes,ðŸ“¥,"Data Sources, Action, Auth Required"
"MailerLite","Data Sources","Action","Consume MailerLite API",No,ðŸ“¥,"Data Sources, Action, No Auth"
"Microsoft Dynamics CRM","Data Sources","Action","Consume Microsoft Dynamics CRM API",Yes,ðŸ“¥,"Data Sources, Action, Auth Required"
"Microsoft Excel 365","Data Sources","Action","Consume Microsoft Excel API",No,ðŸ“¥,"Data Sources, Action, No Auth"
"Microsoft OneDrive","Data Sources","Action","Consume Microsoft OneDrive API",Yes,ðŸ“¥,"Data Sources, Action, Auth Required"
"Microsoft SQL","Data Sources","Action","Get, add and update data in Microsoft SQL",Yes,ðŸ“¥,"Data Sources, Action, Auth Required"
"Microsoft Teams","Data Sources","Action","Consume Microsoft Teams API",No,ðŸ“¥,"Data Sources, Action, No Auth"
"Microsoft To Do","Data Sources","Action","Consume Microsoft To Do API.",Yes,ðŸ“¥,"Data Sources, Action, Auth Required"
"Mindee","Data Sources","Action","Consume Mindee API",Yes,ðŸ“¥,"Data Sources, Action, Auth Required"
"MongoDB","Data Sources","Action","Find, insert and update documents in MongoDB",Yes,ðŸ“¥,"Data Sources, Action, Auth Required"
"MQTT","Data Sources","Action","Push messages to MQTT",Yes,ðŸ“¥,"Data Sources, Action, Auth Required"
"MySQL","Data Sources","Action","Get, add and update data in MySQL",No,ðŸ“¥,"Data Sources, Action, No Auth"
"n8n Form","Data Sources","Action","Generate webforms in n8n and pass their responses to the workflow",No,ðŸ“¥,"Data Sources, Action, No Auth"
"Nextcloud","Data Sources","Action","Access data on Nextcloud",Yes,ðŸ“¥,"Data Sources, Action, Auth Required"
"NocoDB","Data Sources","Action","Read, update, write and delete data from NocoDB",Yes,ðŸ“¥,"Data Sources, Action, Auth Required"
"Npm","Data Sources","Action","Consume NPM registry API",Yes,ðŸ“¥,"Data Sources, Action, Auth Required"
"Onfleet","Data Sources","Action","Consume Onfleet API",Yes,ðŸ“¥,"Data Sources, Action, Auth Required"
"OpenWeatherMap","Data Sources","Action","Gets current and future weather information",Yes,ðŸ“¥,"Data Sources, Action, Auth Required"
"Oracle Database","Data Sources","Action","Get, add and update data in Oracle database",Yes,ðŸ“¥,"Data Sources, Action, Auth Required"
"Phantombuster","Data Sources","Action","Consume Phantombuster API",Yes,ðŸ“¥,"Data Sources, Action, Auth Required"
"Philips Hue","Data Sources","Action","Consume Philips Hue API",Yes,ðŸ“¥,"Data Sources, Action, Auth Required"
"Postgres","Data Sources","Action","Get, add and update data in Postgres",No,ðŸ“¥,"Data Sources, Action, No Auth"
"PostHog","Data Sources","Action","Consume PostHog API",Yes,ðŸ“¥,"Data Sources, Action, Auth Required"
"Pushbullet","Data Sources","Action","Consume Pushbullet API",Yes,ðŸ“¥,"Data Sources, Action, Auth Required"
"Pushcut","Data Sources","Action","Consume Pushcut API",Yes,ðŸ“¥,"Data Sources, Action, Auth Required"
"Pushover","Data Sources","Action","Consume Pushover API",Yes,ðŸ“¥,"Data Sources, Action, Auth Required"
"QuestDB","Data Sources","Action","Get, add and update data in QuestDB",Yes,ðŸ“¥,"Data Sources, Action, Auth Required"
"Quick Base","Data Sources","Action","Integrate with the Quick Base RESTful API",Yes,ðŸ“¥,"Data Sources, Action, Auth Required"
"Read Binary File","Data Sources","Action","Reads a binary file from disk",No,ðŸ“¥,"Data Sources, Action, No Auth"
"Read Binary Files","Data Sources","Action","Reads binary files from disk",No,ðŸ“¥,"Data Sources, Action, No Auth"
"Read PDF","Data Sources","Action","Reads a PDF and extracts its content",No,ðŸ“¥,"Data Sources, Action, No Auth"
"Read/Write Files from Disk","Data Sources","Action","Read or write files from the computer that runs n8n",No,ðŸ“¥,"Data Sources, Action, No Auth"
"Redis","Data Sources","Action","Get, send and update data in Redis",Yes,ðŸ“¥,"Data Sources, Action, Auth Required"
"RSS Read","Data Sources","Action","Reads data from an RSS Feed",No,ðŸ“¥,"Data Sources, Action, No Auth"
"Sendy","Data Sources","Action","Consume Sendy API",Yes,ðŸ“¥,"Data Sources, Action, Auth Required"
"Set","Data Sources","Action","Add or edit fields on an input item and optionally remove other fields",No,ðŸ“¥,"Data Sources, Action, No Auth"
"Snowflake","Data Sources","Action","Get, add and update data in Snowflake",Yes,ðŸ“¥,"Data Sources, Action, Auth Required"
"Spotify","Data Sources","Action","Access public song data via the Spotify API",Yes,ðŸ“¥,"Data Sources, Action, Auth Required"
"SSH","Data Sources","Action","Execute commands via SSH",Yes,ðŸ“¥,"Data Sources, Action, Auth Required"
"Start","Data Sources","Action","Starts the workflow execution from this node",No,ðŸ“¥,"Data Sources, Action, No Auth"
"Sticky Note","Data Sources","Action","Make your workflow easier to understand",No,ðŸ“¥,"Data Sources, Action, No Auth"
"Stop and Error","Data Sources","Action","Throw an error in the workflow",No,ðŸ“¥,"Data Sources, Action, No Auth"
"Strapi","Data Sources","Action","Consume Strapi API",Yes,ðŸ“¥,"Data Sources, Action, Auth Required"
"Strava","Data Sources","Action","Consume Strava API",Yes,ðŸ“¥,"Data Sources, Action, Auth Required"
"Supabase","Data Sources","Action","Add, get, delete and update data in a table",Yes,ðŸ“¥,"Data Sources, Action, Auth Required"
"TimescaleDB","Data Sources","Action","Add and update data in TimescaleDB",Yes,ðŸ“¥,"Data Sources, Action, Auth Required"
"Twist","Data Sources","Action","Consume Twist API",Yes,ðŸ“¥,"Data Sources, Action, Auth Required"
"Venafi TLS Protect Cloud","Data Sources","Action","Consume Venafi TLS Protect Cloud API",Yes,ðŸ“¥,"Data Sources, Action, Auth Required"
"Venafi TLS Protect Datacenter","Data Sources","Action","Consume Venafi TLS Protect Datacenter",Yes,ðŸ“¥,"Data Sources, Action, Auth Required"
"Vonage","Data Sources","Action","Consume Vonage API",Yes,ðŸ“¥,"Data Sources, Action, Auth Required"
"Yourls","Data Sources","Action","Consume Yourls API",Yes,ðŸ“¥,"Data Sources, Action, Auth Required"
"YouTube","Data Sources","Action","Consume YouTube API",Yes,ðŸ“¥,"Data Sources, Action, Auth Required"
"Zammad","Data Sources","Action","Consume the Zammad API",Yes,ðŸ“¥,"Data Sources, Action, Auth Required"
"Zoom","Data Sources","Action","Consume Zoom API",Yes,ðŸ“¥,"Data Sources, Action, Auth Required"
"Affinity","Data Destinations","Action","Consume Affinity API",Yes,ðŸ“¤,"Data Destinations, Action, Auth Required"
"AWS Certificate Manager","Data Destinations","Action","Sends data to AWS Certificate Manager",No,ðŸ“¤,"Data Destinations, Action, No Auth"
"AWS Cognito","Data Destinations","Action","Sends data to AWS Cognito",Yes,ðŸ“¤,"Data Destinations, Action, Auth Required"
"AWS Comprehend","Data Destinations","Action","Sends data to Amazon Comprehend",No,ðŸ“¤,"Data Destinations, Action, No Auth"
"AWS ELB","Data Destinations","Action","Sends data to AWS ELB API",No,ðŸ“¤,"Data Destinations, Action, No Auth"
"AWS IAM","Data Destinations","Action","Interacts with Amazon IAM",Yes,ðŸ“¤,"Data Destinations, Action, Auth Required"
"AWS Lambda","Data Destinations","Action","Invoke functions on AWS Lambda",No,ðŸ“¤,"Data Destinations, Action, No Auth"
"AWS Rekognition","Data Destinations","Action","Sends data to AWS Rekognition",No,ðŸ“¤,"Data Destinations, Action, No Auth"
"AWS SES","Data Destinations","Action","Sends data to AWS SES",No,ðŸ“¤,"Data Destinations, Action, No Auth"
"AWS SNS","Data Destinations","Action","Sends data to AWS SNS",No,ðŸ“¤,"Data Destinations, Action, No Auth"
"AWS SQS","Data Destinations","Action","Sends messages to AWS SQS",No,ðŸ“¤,"Data Destinations, Action, No Auth"
"AWS Textract","Data Destinations","Action","Sends data to Amazon Textract",No,ðŸ“¤,"Data Destinations, Action, No Auth"
"AWS Transcribe","Data Destinations","Action","Sends data to AWS Transcribe",Yes,ðŸ“¤,"Data Destinations, Action, Auth Required"
"AwsS3","Data Destinations","Action","Sends data to AWS S3",No,ðŸ“¤,"Data Destinations, Action, No Auth"
"Bannerbear","Data Destinations","Action","Consume Bannerbear API",Yes,ðŸ“¤,"Data Destinations, Action, Auth Required"
"Baserow","Data Destinations","Action","Consume the Baserow API",Yes,ðŸ“¤,"Data Destinations, Action, Auth Required"
"Beeminder","Data Destinations","Action","Consume Beeminder API",Yes,ðŸ“¤,"Data Destinations, Action, Auth Required"
"Bitly","Data Destinations","Action","Consume Bitly API",Yes,ðŸ“¤,"Data Destinations, Action, Auth Required"
"Brandfetch","Data Destinations","Action","Consume Brandfetch API",Yes,ðŸ“¤,"Data Destinations, Action, Auth Required"
"CircleCI","Data Destinations","Action","Consume CircleCI API",Yes,ðŸ“¤,"Data Destinations, Action, Auth Required"
"Clearbit","Data Destinations","Action","Consume Clearbit API",Yes,ðŸ“¤,"Data Destinations, Action, Auth Required"
"ClickUp","Data Destinations","Action","Consume ClickUp API (Beta)",Yes,ðŸ“¤,"Data Destinations, Action, Auth Required"
"Cockpit","Data Destinations","Action","Consume Cockpit API",Yes,ðŸ“¤,"Data Destinations, Action, Auth Required"
"Coda","Data Destinations","Action","Consume Coda API",Yes,ðŸ“¤,"Data Destinations, Action, Auth Required"
"CoinGecko","Data Destinations","Action","Consume CoinGecko API",No,ðŸ“¤,"Data Destinations, Action, No Auth"
"Customer.io","Data Destinations","Action","Consume Customer.io API",Yes,ðŸ“¤,"Data Destinations, Action, Auth Required"
"DebugHelper","Data Destinations","Action","Causes problems intentionally and generates useful data for debugging",No,ðŸ“¤,"Data Destinations, Action, No Auth"
"Demio","Data Destinations","Action","Consume the Demio API",Yes,ðŸ“¤,"Data Destinations, Action, Auth Required"
"Discord","Data Destinations","Action","Sends data to Discord",No,ðŸ“¤,"Data Destinations, Action, No Auth"
"Drift","Data Destinations","Action","Consume Drift API",Yes,ðŸ“¤,"Data Destinations, Action, Auth Required"
"E-goi","Data Destinations","Action","Consume E-goi API",Yes,ðŸ“¤,"Data Destinations, Action, Auth Required"
"E2E Test","Data Destinations","Action","Dummy node used for e2e testing",No,ðŸ“¤,"Data Destinations, Action, No Auth"
"ERPNext","Data Destinations","Action","Consume ERPNext API",Yes,ðŸ“¤,"Data Destinations, Action, Auth Required"
"Flow","Data Destinations","Action","Consume Flow API",Yes,ðŸ“¤,"Data Destinations, Action, Auth Required"
"Freshdesk","Data Destinations","Action","Consume Freshdesk API",Yes,ðŸ“¤,"Data Destinations, Action, Auth Required"
"Home Assistant","Data Destinations","Action","Consume Home Assistant API",Yes,ðŸ“¤,"Data Destinations, Action, Auth Required"
"HTTP Request","Data Destinations","Action","Makes an HTTP request and returns the response data",No,ðŸ“¤,"Data Destinations, Action, No Auth"
"HubSpot","Data Destinations","Action","Consume HubSpot API",No,ðŸ“¤,"Data Destinations, Action, No Auth"
"Humantic AI","Data Destinations","Action","Consume Humantic AI API",Yes,ðŸ“¤,"Data Destinations, Action, Auth Required"
"Hunter","Data Destinations","Action","Consume Hunter API",Yes,ðŸ“¤,"Data Destinations, Action, Auth Required"
"Intercom","Data Destinations","Action","Consume Intercom API",Yes,ðŸ“¤,"Data Destinations, Action, Auth Required"
"Invoice Ninja","Data Destinations","Action","Consume Invoice Ninja API",Yes,ðŸ“¤,"Data Destinations, Action, Auth Required"
"Jenkins","Data Destinations","Action","Consume Jenkins API",Yes,ðŸ“¤,"Data Destinations, Action, Auth Required"
"Jira Software","Data Destinations","Action","Consume Jira Software API",Yes,ðŸ“¤,"Data Destinations, Action, Auth Required"
"Linear","Data Destinations","Action","Consume Linear API",Yes,ðŸ“¤,"Data Destinations, Action, Auth Required"
"LingvaNex","Data Destinations","Action","Consume LingvaNex API",Yes,ðŸ“¤,"Data Destinations, Action, Auth Required"
"Mailchimp","Data Destinations","Action","Consume Mailchimp API",Yes,ðŸ“¤,"Data Destinations, Action, Auth Required"
"Mailgun","Data Destinations","Action","Sends an email via Mailgun",Yes,ðŸ“¤,"Data Destinations, Action, Auth Required"
"Mailjet","Data Destinations","Action","Consume Mailjet API",Yes,ðŸ“¤,"Data Destinations, Action, Auth Required"
"Mandrill","Data Destinations","Action","Consume Mandrill API",Yes,ðŸ“¤,"Data Destinations, Action, Auth Required"
"Markdown","Data Destinations","Action","Convert data between Markdown and HTML",No,ðŸ“¤,"Data Destinations, Action, No Auth"
"Matrix","Data Destinations","Action","Consume Matrix API",Yes,ðŸ“¤,"Data Destinations, Action, Auth Required"
"Mattermost","Data Destinations","Action","Sends data to Mattermost",No,ðŸ“¤,"Data Destinations, Action, No Auth"
"Mautic","Data Destinations","Action","Consume Mautic API",Yes,ðŸ“¤,"Data Destinations, Action, Auth Required"
"Medium","Data Destinations","Action","Consume Medium API",Yes,ðŸ“¤,"Data Destinations, Action, Auth Required"
"MessageBird","Data Destinations","Action","Sends SMS via MessageBird",Yes,ðŸ“¤,"Data Destinations, Action, Auth Required"
"Monday.com","Data Destinations","Action","Consume Monday.com API",Yes,ðŸ“¤,"Data Destinations, Action, Auth Required"
"Netscaler ADC","Data Destinations","Action","Consume Netscaler ADC API",Yes,ðŸ“¤,"Data Destinations, Action, Auth Required"
"Notion","Data Destinations","Action","Consume Notion API",No,ðŸ“¤,"Data Destinations, Action, No Auth"
"OpenThesaurus","Data Destinations","Action","Get synonmns for German words using the OpenThesaurus API",No,ðŸ“¤,"Data Destinations, Action, No Auth"
"Orbit","Data Destinations","Action","Consume Orbit API",Yes,ðŸ“¤,"Data Destinations, Action, Auth Required"
"Oura","Data Destinations","Action","Consume Oura API",Yes,ðŸ“¤,"Data Destinations, Action, Auth Required"
"Paddle","Data Destinations","Action","Consume Paddle API",Yes,ðŸ“¤,"Data Destinations, Action, Auth Required"
"PagerDuty","Data Destinations","Action","Consume PagerDuty API",Yes,ðŸ“¤,"Data Destinations, Action, Auth Required"
"PayPal","Data Destinations","Action","Consume PayPal API",Yes,ðŸ“¤,"Data Destinations, Action, Auth Required"
"Peekalink","Data Destinations","Action","Consume the Peekalink API",Yes,ðŸ“¤,"Data Destinations, Action, Auth Required"
"ProfitWell","Data Destinations","Action","Consume ProfitWell API",Yes,ðŸ“¤,"Data Destinations, Action, Auth Required"
"QuickChart","Data Destinations","Action","Create a chart via QuickChart",No,ðŸ“¤,"Data Destinations, Action, No Auth"
"RocketChat","Data Destinations","Action","Consume RocketChat API",Yes,ðŸ“¤,"Data Destinations, Action, Auth Required"
"S3","Data Destinations","Action","Sends data to any S3-compatible service",Yes,ðŸ“¤,"Data Destinations, Action, Auth Required"
"Salesforce","Data Destinations","Action","Consume Salesforce API",Yes,ðŸ“¤,"Data Destinations, Action, Auth Required"
"Salesmate","Data Destinations","Action","Consume Salesmate API",Yes,ðŸ“¤,"Data Destinations, Action, Auth Required"
"SeaTable","Data Destinations","Action","Read, update, write and delete data from SeaTable",No,ðŸ“¤,"Data Destinations, Action, No Auth"
"Segment","Data Destinations","Action","Consume Segment API",Yes,ðŸ“¤,"Data Destinations, Action, Auth Required"
"Send Email","Data Destinations","Action","Sends an email using SMTP protocol",No,ðŸ“¤,"Data Destinations, Action, No Auth"
"Sentry.io","Data Destinations","Action","Consume Sentry.io API",Yes,ðŸ“¤,"Data Destinations, Action, Auth Required"
"ServiceNow","Data Destinations","Action","Consume ServiceNow API",Yes,ðŸ“¤,"Data Destinations, Action, Auth Required"
"Shopify","Data Destinations","Action","Consume Shopify API",Yes,ðŸ“¤,"Data Destinations, Action, Auth Required"
"Slack","Data Destinations","Action","Consume Slack API",No,ðŸ“¤,"Data Destinations, Action, No Auth"
"Storyblok","Data Destinations","Action","Consume Storyblok API",Yes,ðŸ“¤,"Data Destinations, Action, Auth Required"
"SyncroMSP","Data Destinations","Action","Manage contacts, tickets and more from Syncro MSP",No,ðŸ“¤,"Data Destinations, Action, No Auth"
"Telegram","Data Destinations","Action","Sends data to Telegram",Yes,ðŸ“¤,"Data Destinations, Action, Auth Required"
"Todoist","Data Destinations","Action","Consume Todoist API",No,ðŸ“¤,"Data Destinations, Action, No Auth"
"TravisCI","Data Destinations","Action","Consume TravisCI API",Yes,ðŸ“¤,"Data Destinations, Action, Auth Required"
"Uplead","Data Destinations","Action","Consume Uplead API",Yes,ðŸ“¤,"Data Destinations, Action, Auth Required"
"uProc","Data Destinations","Action","Consume uProc API",Yes,ðŸ“¤,"Data Destinations, Action, Auth Required"
"UptimeRobot","Data Destinations","Action","Consume UptimeRobot API",Yes,ðŸ“¤,"Data Destinations, Action, Auth Required"
"Vero","Data Destinations","Action","Consume Vero API",Yes,ðŸ“¤,"Data Destinations, Action, Auth Required"
"WhatsApp Business Cloud","Data Destinations","Action","Access WhatsApp API",No,ðŸ“¤,"Data Destinations, Action, No Auth"
"WooCommerce","Data Destinations","Action","Consume WooCommerce API",Yes,ðŸ“¤,"Data Destinations, Action, Auth Required"
"Wordpress","Data Destinations","Action","Consume Wordpress API",Yes,ðŸ“¤,"Data Destinations, Action, Auth Required"
"Write Binary File","Data Destinations","Action","Writes a binary file to disk",No,ðŸ“¤,"Data Destinations, Action, No Auth"
"X (Formerly Twitter)","Data Destinations","Action","Consume the X API",No,ðŸ“¤,"Data Destinations, Action, No Auth"
"Xero","Data Destinations","Action","Consume Xero API",Yes,ðŸ“¤,"Data Destinations, Action, Auth Required"
"Zendesk","Data Destinations","Action","Consume Zendesk API",Yes,ðŸ“¤,"Data Destinations, Action, Auth Required"
"Zulip","Data Destinations","Action","Consume Zulip API",Yes,ðŸ“¤,"Data Destinations, Action, Auth Required"
"No Operation, do nothing","Flow Control","Action","No Operation",No,ðŸ—‚ï¸,"Flow Control, Action, No Auth"
"Simulate","Flow Control","Action","Simulate a node",No,ðŸ—‚ï¸,"Flow Control, Action, No Auth"
"Split In Batches","Flow Control","Action","Split data into batches and iterate over each batch",No,ðŸ—‚ï¸,"Flow Control, Action, No Auth"
"Track Time Saved","Flow Control","Action","Dynamically track time saved based on the workflowâ€™s execution path and the number of items processed",No,ðŸ—‚ï¸,"Flow Control, Action, No Auth"
"Wait","Flow Control","Action","Wait before continue with execution",No,ðŸ—‚ï¸,"Flow Control, Action, No Auth"